,timestamp,y_phase_voltage,total_reactive_energy,b_phase_voltage,r_phase_pf,y_phase_current,r_phase_voltage,total_active_power,total_real_energy,y_phase_pf,total_apparent_power,total_pf,total_apparent_energy,b_phase_current,total_reactive_power,r_phase_current,serial_no,b_phase_pf,frequency
9,10/2/2022 23:57,247.96,1080.02,84.33,1,0.07,0,3.43,2930.09,0.21,16.71,0.21,3297,0,16.36,0,43200011,1,50.04
8,10/3/2022 0:00,248.69,1080.02,84.58,1,0.07,0,3.3,2930.09,0.2,16.36,0.2,3297,0,16.03,0,43200011,1,50.02
7,10/3/2022 0:03,247.63,1080.03,84.22,1,0.07,0,3.34,2930.09,0.2,16.44,0.2,3297,0,16.1,0,43200011,1,49.93
6,10/3/2022 0:06,246.26,1080.03,83.77,1,6.02,0,1400.75,2930.11,0.94,1482.98,0.94,3297.02,0,486.96,0,43200011,1,49.92
5,10/3/2022 0:09,247.47,1080.06,84.19,1,5.91,0,1384.5,2930.18,0.95,1463.54,0.95,3297.09,0,474.45,0,43200011,1,49.99
4,10/3/2022 0:12,248.37,1080.07,84.46,1,0.07,0,3.63,2930.21,0.21,16.99,0.21,3297.12,0,16.6,0,43200011,1,50.01
3,10/3/2022 0:15,248.18,1080.07,84.4,1,0.07,0,3.6,2930.21,0.21,17.03,0.21,3297.12,0,16.64,0,43200011,1,49.99
2,10/3/2022 0:18,248.06,1080.07,84.36,1,0.07,0,3.56,2930.21,0.21,16.62,0.21,3297.12,0,16.23,0,43200011,1,49.92
1,10/3/2022 0:21,248.09,1080.07,84.37,1,0.07,0,3.59,2930.21,0.21,16.82,0.21,3297.12,0,16.43,0,43200011,1,49.9
0,10/3/2022 0:24,248.21,1080.07,84.42,1,0.07,0,3.56,2930.21,0.21,16.73,0.21,3297.12,0,16.35,0,43200011,1,49.93
19,10/3/2022 0:27,248.52,1080.07,84.52,1,0.07,0,3.59,2930.21,0.21,17.1,0.21,3297.12,0,16.72,0,43200011,1,49.98
18,10/3/2022 0:30,249.01,1080.07,84.68,1,0.07,0,3.75,2930.21,0.22,17.23,0.22,3297.12,0,16.82,0,43200011,1,49.99
17,10/3/2022 0:33,249.44,1080.07,84.82,1,0.07,0,3.49,2930.21,0.21,16.96,0.21,3297.12,0,16.6,0,43200011,1,49.99
16,10/3/2022 0:36,248.16,1080.08,84.42,1,6.02,0,1415.05,2930.23,0.95,1493.77,0.95,3297.14,0,478.54,0,43200011,1,49.99
15,10/3/2022 0:39,247.51,1080.1,84.2,1,5.89,0,1378.96,2930.3,0.95,1457.34,0.95,3297.22,0,471.49,0,43200011,1,49.99
14,10/3/2022 0:42,249.3,1080.11,84.78,1,0.07,0,3.55,2930.31,0.21,16.7,0.21,3297.23,0,16.32,0,43200011,1,50.02
13,10/3/2022 0:45,249.14,1080.11,84.72,1,0.07,0,3.33,2930.31,0.2,16.29,0.2,3297.23,0,15.95,0,43200011,1,49.97
12,10/3/2022 0:48,248.87,1080.11,84.64,1,0.07,0,3.39,2930.31,0.21,16.43,0.21,3297.23,0,16.07,0,43200011,1,49.94
11,10/3/2022 0:51,248.98,1080.11,84.66,1,0.07,0,3.34,2930.31,0.2,16.43,0.2,3297.23,0,16.09,0,43200011,1,49.97
10,10/3/2022 0:54,249.81,1080.11,84.95,1,0.07,0,3.35,2930.31,0.2,16.49,0.2,3297.23,0,16.14,0,43200011,1,50.02
29,10/3/2022 0:57,249.03,1080.11,84.69,1,0.07,0,3.41,2930.31,0.2,16.69,0.2,3297.24,0,16.33,0,43200011,1,50.02
28,10/3/2022 1:00,249.43,1080.11,84.82,1,0.07,0,3.39,2930.31,0.2,16.56,0.2,3297.24,0,16.21,0,43200011,1,50.02
27,10/3/2022 1:03,249.14,1080.11,84.72,1,0.07,0,3.41,2930.31,0.21,16.54,0.21,3297.24,0,16.19,0,43200011,1,49.93
26,10/3/2022 1:06,247.6,1080.12,84.22,1,5.99,0,1406.31,2930.33,0.95,1483.52,0.95,3297.26,0,472.37,0,43200011,1,49.89
25,10/3/2022 1:09,248.53,1080.14,84.55,1,5.89,0,1390.23,2930.4,0.95,1463.54,0.95,3297.33,0,457.42,0,43200011,1,49.92
24,10/3/2022 1:12,249.22,1080.15,84.75,1,0.07,0,3.49,2930.42,0.2,17.1,0.2,3297.36,0,16.74,0,43200011,1,49.9
23,10/3/2022 1:15,249.25,1080.15,84.76,1,0.07,0,3.32,2930.42,0.2,16.7,0.2,3297.36,0,16.37,0,43200011,1,49.88
22,10/3/2022 1:18,249.43,1080.15,84.82,1,0.07,0,3.34,2930.42,0.2,16.76,0.2,3297.36,0,16.43,0,43200011,1,49.9
21,10/3/2022 1:21,249.83,1080.16,84.95,1,0.07,0,3.35,2930.42,0.2,16.84,0.2,3297.36,0,16.5,0,43200011,1,49.9
20,10/3/2022 1:24,249.73,1080.16,84.92,1,0.07,0,3.29,2930.42,0.2,16.58,0.2,3297.36,0,16.25,0,43200011,1,49.92
39,10/3/2022 1:27,249.13,1080.16,84.71,1,0.07,0,3.33,2930.42,0.2,16.44,0.2,3297.36,0,16.1,0,43200011,1,49.96
38,10/3/2022 1:30,250.31,1080.16,85.12,1,0.07,0,3.33,2930.42,0.2,16.62,0.2,3297.36,0,16.28,0,43200011,1,49.94
37,10/3/2022 1:33,250.25,1080.16,85.11,1,0.07,0,3.32,2930.42,0.2,16.97,0.2,3297.36,0,16.64,0,43200011,1,49.91
36,10/3/2022 1:36,248.74,1080.17,84.62,1,5.99,0,1414.68,2930.44,0.95,1489.46,0.95,3297.39,0,465.99,0,43200011,1,49.94
35,10/3/2022 1:39,248.67,1080.19,84.59,1,5.89,0,1390.09,2930.51,0.95,1463.57,0.95,3297.46,0,457.92,0,43200011,1,49.93
34,10/3/2022 1:42,249.73,1080.2,84.92,1,0.07,0,3.48,2930.54,0.21,16.83,0.21,3297.48,0,16.47,0,43200011,1,49.94
33,10/3/2022 1:45,250.03,1080.2,85.02,1,0.07,0,3.3,2930.54,0.2,16.65,0.2,3297.49,0,16.32,0,43200011,1,49.99
32,10/3/2022 1:48,250.02,1080.2,85.02,1,0.07,0,3.32,2930.54,0.2,16.45,0.2,3297.49,0,16.11,0,43200011,1,49.98
31,10/3/2022 1:51,250.56,1080.2,85.21,1,0.07,0,3.36,2930.54,0.2,16.64,0.2,3297.49,0,16.29,0,43200011,1,50.04
30,10/3/2022 1:54,250.17,1080.2,85.08,1,0.07,0,3.42,2930.54,0.21,16.66,0.21,3297.49,0,16.31,0,43200011,1,50
49,10/3/2022 1:57,250.5,1080.2,85.21,1,0.07,0,3.51,2930.54,0.21,16.83,0.21,3297.49,0,16.46,0,43200011,1,49.99
48,10/3/2022 2:00,250.02,1080.2,85.03,1,0.07,0,3.25,2930.54,0.2,16.6,0.2,3297.49,0,16.28,0,43200011,1,49.99
47,10/3/2022 2:03,250.33,1080.2,85.13,1,0.07,0,3.33,2930.54,0.2,16.62,0.2,3297.49,0,16.28,0,43200011,1,50.03
46,10/3/2022 2:06,248.68,1080.21,84.61,1,6,0,1416.7,2930.56,0.95,1492.98,0.95,3297.51,0,471.11,0,43200011,1,49.98
45,10/3/2022 2:09,248.46,1080.23,84.53,1,5.86,0,1382.87,2930.63,0.95,1456.07,0.95,3297.58,0,455.89,0,43200011,1,49.95
44,10/3/2022 2:12,250.49,1080.24,85.19,1,0.07,0,3.6,2930.65,0.21,17.13,0.21,3297.61,0,16.75,0,43200011,1,50
43,10/3/2022 2:15,250.89,1080.24,85.32,1,0.07,0,3.35,2930.65,0.2,16.71,0.2,3297.61,0,16.37,0,43200011,1,50.02
42,10/3/2022 2:18,251.08,1080.24,85.39,1,0.07,0,3.35,2930.65,0.2,16.52,0.2,3297.61,0,16.18,0,43200011,1,50.02
41,10/3/2022 2:21,250.91,1080.24,85.33,1,0.07,0,3.35,2930.65,0.2,16.66,0.2,3297.61,0,16.32,0,43200011,1,50.01
40,10/3/2022 2:24,251.37,1080.25,85.49,1,0.07,0,3.27,2930.65,0.2,16.74,0.2,3297.61,0,16.42,0,43200011,1,50
59,10/3/2022 2:27,250.25,1080.25,85.1,1,0.07,0,3.31,2930.65,0.2,16.52,0.2,3297.62,0,16.18,0,43200011,1,50.01
58,10/3/2022 2:30,251.34,1080.25,85.47,1,0.07,0,3.26,2930.65,0.2,16.44,0.2,3297.62,0,16.11,0,43200011,1,49.98
57,10/3/2022 2:33,250.72,1080.25,85.26,1,0.07,0,3.36,2930.65,0.2,16.5,0.2,3297.62,0,16.15,0,43200011,1,49.96
56,10/3/2022 2:36,249.12,1080.25,84.74,1,6.01,0,1421.02,2930.67,0.95,1496.56,0.95,3297.64,0,469.47,0,43200011,1,49.97
55,10/3/2022 2:39,249.93,1080.28,85.02,1,5.86,0,1393.24,2930.74,0.95,1463.99,0.95,3297.71,0,449.62,0,43200011,1,50
54,10/3/2022 2:42,251.23,1080.29,85.44,1,0.07,0,3.48,2930.77,0.2,17.03,0.2,3297.74,0,16.67,0,43200011,1,50.02
53,10/3/2022 2:45,249.97,1080.29,85,1,0.07,0,3.21,2930.77,0.19,16.5,0.19,3297.74,0,16.18,0,43200011,1,49.98
52,10/3/2022 2:48,250.24,1080.29,85.1,1,0.07,0,3.25,2930.77,0.2,16.67,0.19,3297.74,0,16.35,0,43200011,1,49.95
51,10/3/2022 2:51,250.55,1080.29,85.21,1,0.07,0,3.35,2930.77,0.2,16.64,0.2,3297.74,0,16.3,0,43200011,1,50.02
50,10/3/2022 2:54,250.75,1080.29,85.28,1,0.07,0,3.27,2930.77,0.2,16.4,0.2,3297.74,0,16.07,0,43200011,1,50.03
69,10/3/2022 2:57,251.82,1080.29,85.64,1,0.07,0,3.3,2930.77,0.19,16.92,0.19,3297.74,0,16.6,0,43200011,1,50.02
68,10/3/2022 3:00,251.41,1080.29,85.5,1,0.07,0,3.22,2930.77,0.19,16.74,0.19,3297.74,0,16.43,0,43200011,1,50.01
67,10/3/2022 3:03,251.78,1080.29,85.64,1,0.07,0,3.46,2930.77,0.2,17.27,0.2,3297.74,0,16.92,0,43200011,1,49.99
66,10/3/2022 3:06,0,1080.29,85.39,0.39,0,251.71,23.11,2930.77,1,59.4,0.39,3297.74,0,54.72,0.24,43200011,1,49.95
65,10/3/2022 3:09,0,1080.3,85.15,0.97,0,250.94,1341.86,2930.79,1,1386.04,0.97,3297.77,0,347.15,5.52,43200011,1,49.99
64,10/3/2022 3:12,0,1080.32,85.22,0.97,0,251.15,1349.62,2930.86,1,1391.82,0.97,3297.84,0,340.16,5.54,43200011,1,49.99
63,10/3/2022 3:15,0,1080.34,85.57,0.37,0,252.26,23.38,2930.92,1,64.02,0.37,3297.9,0,59.6,0.25,43200011,1,49.99
62,10/3/2022 3:18,0,1080.34,85.53,0.37,0,252.16,23.23,2930.92,1,62.69,0.37,3297.9,0,58.23,0.25,43200011,1,49.98
61,10/3/2022 3:21,0,1080.36,85.56,0.38,0,252.24,23.91,2930.99,1,63.36,0.38,3297.97,0,58.68,0.25,43200011,1,49.99
60,10/3/2022 3:24,0,1080.36,85.64,0.38,0,252.46,24.02,2930.99,1,63.77,0.38,3297.98,0,59.07,0.25,43200011,1,49.96
79,10/3/2022 3:27,0,1080.37,85.22,0.97,0,251.17,1372.45,2931.03,1,1413.38,0.97,3298.02,0,337.68,5.63,43200011,1,49.94
78,10/3/2022 3:30,0,1080.37,85.48,0.38,0,251.99,23.93,2931.05,1,63.75,0.38,3298.05,0,59.09,0.25,43200011,1,49.88
77,10/3/2022 3:33,0,1080.38,85.03,0.97,0,250.57,1370.78,2931.06,1,1406,0.97,3298.05,0,312.73,5.61,43200011,1,49.86
76,10/3/2022 3:36,0,1080.4,85.65,0.37,0,252.48,22.55,2931.12,1,61.3,0.37,3298.12,0,57,0.24,43200011,1,49.94
75,10/3/2022 3:39,0,1080.4,85.69,0.37,0,252.58,22.85,2931.12,1,61.88,0.37,3298.12,0,57.51,0.24,43200011,1,49.96
74,10/3/2022 3:42,0,1080.41,85.4,0.97,0,251.69,1389.71,2931.14,1,1431.11,0.97,3298.14,0,341.71,5.69,43200011,1,49.96
73,10/3/2022 3:45,0,1080.42,85.66,0.37,0,252.51,22.27,2931.19,1,60.15,0.37,3298.19,0,55.87,0.24,43200011,1,49.93
72,10/3/2022 3:48,0,1080.42,85.73,0.37,0,252.72,21.31,2931.19,1,58.38,0.37,3298.2,0,54.35,0.23,43200011,1,49.95
71,10/3/2022 3:51,0,1080.43,85.12,0.97,0,250.84,1393.31,2931.22,1,1431.84,0.97,3298.22,0,329.95,5.71,43200011,1,49.93
70,10/3/2022 3:54,0,1080.44,85.49,0.35,0,251.99,21,2931.26,1,59.57,0.35,3298.27,0,55.75,0.24,43200011,1,49.93
89,10/3/2022 3:57,0,1080.44,85.58,0.35,0,252.25,20.25,2931.26,1,57.66,0.35,3298.27,0,53.99,0.23,43200011,1,49.98
88,10/3/2022 4:00,0,1080.45,85.46,0.97,0,251.84,1395.68,2931.29,1,1435.19,0.97,3298.3,0,334.41,5.7,43200011,1,50.04
87,10/3/2022 4:03,0,1080.46,85.82,0.34,0,252.96,18.5,2931.33,1,53.93,0.34,3298.35,0,50.66,0.21,43200011,1,50.03
86,10/3/2022 4:06,0,1080.47,85.86,0.34,0,253.12,18.77,2931.33,1,54.88,0.34,3298.35,0,51.57,0.22,43200011,1,50.01
85,10/3/2022 4:09,0,1080.48,85.39,0.97,0,251.64,1388.15,2931.36,1,1429.52,0.97,3298.37,0,341.42,5.68,43200011,1,49.95
84,10/3/2022 4:12,0,1080.49,85.47,0.36,0,251.93,18.92,2931.4,1,52.96,0.36,3298.42,0,49.46,0.21,43200011,1,49.9
83,10/3/2022 4:15,0,1080.49,85.67,0.35,0,252.53,18.81,2931.4,1,53.23,0.35,3298.43,0,49.8,0.21,43200011,1,49.97
82,10/3/2022 4:18,0,1080.49,85.41,0.97,0,251.68,1391.96,2931.42,1,1431.56,0.97,3298.45,0,334.35,5.69,43200011,1,50.03
81,10/3/2022 4:21,0,1080.5,85.72,0.35,0,252.67,19.47,2931.47,1,54.93,0.35,3298.5,0,51.36,0.22,43200011,1,50.01
80,10/3/2022 4:24,0,1080.51,85.69,0.58,0,252.62,38.36,2931.47,1,65.98,0.58,3298.5,0,53.69,0.26,43200011,1,49.97
99,10/3/2022 4:27,0,1080.52,85.36,0.97,0,251.54,1392.27,2931.49,1,1433.93,0.97,3298.53,0,343.12,5.7,43200011,1,49.94
98,10/3/2022 4:30,0,1080.53,85.77,0.36,0,252.85,20.03,2931.54,1,55.27,0.36,3298.57,0,51.52,0.22,43200011,1,50.03
97,10/3/2022 4:33,0,1080.53,85.66,0.37,0,252.5,21.27,2931.54,1,57.42,0.37,3298.58,0,53.33,0.23,43200011,1,49.98
96,10/3/2022 4:36,0,1080.54,85.51,0.37,0,252.06,21.2,2931.54,1,57.82,0.37,3298.58,0,53.79,0.23,43200011,1,49.94
95,10/3/2022 4:39,0,1080.56,85.23,0.97,0,251.16,1363.75,2931.61,1,1404.14,0.97,3298.65,0,334.33,5.59,43200011,1,49.96
94,10/3/2022 4:42,0,1080.56,85.66,0.36,0,252.48,21.13,2931.61,1,58.27,0.36,3298.65,0,54.31,0.23,43200011,1,49.99
93,10/3/2022 4:45,0,1080.56,85.63,0.37,0,252.42,22.02,2931.61,1,59.22,0.37,3298.65,0,54.97,0.23,43200011,1,49.99
92,10/3/2022 4:48,0,1080.57,85.24,0.97,0,251.19,1366.63,2931.66,1,1405.41,0.97,3298.7,0,327.88,5.59,43200011,1,50.05
91,10/3/2022 4:51,0,1080.58,85.42,0.37,0,251.8,23.32,2931.68,1,63,0.37,3298.73,0,58.52,0.25,43200011,1,49.99
90,10/3/2022 4:54,0,1080.59,85.4,0.37,0,251.73,23.12,2931.68,1,62.28,0.37,3298.73,0,57.83,0.25,43200011,1,49.97
109,10/3/2022 4:57,0,1080.59,85.1,0.97,0,250.75,1384.19,2931.7,1,1421.75,0.97,3298.75,0,324.63,5.67,43200011,1,49.99
108,10/3/2022 5:00,0,1080.6,85.37,0.37,0,251.68,23.7,2931.75,1,63.68,0.37,3298.8,0,59.1,0.25,43200011,1,50.06
107,10/3/2022 5:03,0,1080.6,85.55,0.57,0,252.2,43.27,2931.75,1,75.41,0.57,3298.81,0,61.76,0.3,43200011,1,50.02
106,10/3/2022 5:06,0,1080.61,85.15,0.97,0,250.91,1383.69,2931.77,1,1423.01,0.97,3298.83,0,332.19,5.67,43200011,1,49.94
105,10/3/2022 5:09,0,1080.63,85.5,0.37,0,252.07,23.19,2931.82,1,63.07,0.37,3298.88,0,58.65,0.25,43200011,1,49.99
104,10/3/2022 5:12,0,1080.63,85.04,0.37,0,250.65,22.86,2931.82,1,62.16,0.37,3298.88,0,57.81,0.25,43200011,1,49.99
103,10/3/2022 5:15,0,1080.63,85.03,0.37,0,250.65,23.21,2931.82,1,63.21,0.37,3298.88,0,58.8,0.25,43200011,1,50.01
102,10/3/2022 5:18,0,1080.64,84.53,0.98,0,249.1,1350.43,2931.89,1,1384.45,0.98,3298.95,0,305.03,5.56,43200011,1,50.03
101,10/3/2022 5:21,0,1080.64,84.75,0.38,0,249.77,23.95,2931.89,1,63.14,0.38,3298.95,0,58.42,0.25,43200011,1,49.98
100,10/3/2022 5:24,0,1080.65,84.77,0.38,0,249.85,23.42,2931.89,1,62.41,0.38,3298.96,0,57.85,0.25,43200011,1,49.94
119,10/3/2022 5:27,0,1080.66,84.28,0.98,0,248.35,1344.88,2931.93,1,1377.99,0.98,3299,0,300.26,5.55,43200011,1,49.98
118,10/3/2022 5:30,0,1080.67,84.8,0.36,0,249.94,21.55,2931.96,1,59.84,0.36,3299.03,0,55.82,0.24,43200011,1,50.05
117,10/3/2022 5:33,0,1080.67,84.73,0.36,0,249.77,21.11,2931.96,1,58.2,0.36,3299.03,0,54.23,0.23,43200011,1,50.03
116,10/3/2022 5:36,0,1080.67,84.47,0.98,0,248.91,1361.78,2931.98,1,1395.19,0.98,3299.05,0,303.48,5.61,43200011,1,50.01
115,10/3/2022 5:39,0,1080.68,84.72,0.37,0,249.69,21.05,2932.02,1,57.63,0.37,3299.1,0,53.65,0.23,43200011,1,49.99
114,10/3/2022 5:42,0,1080.69,84.44,0.35,0,248.94,20.51,2932.03,1,58.2,0.35,3299.1,0,54.47,0.23,43200011,1,49.99
113,10/3/2022 5:45,0,1080.69,84.7,0.35,0,249.67,19.54,2932.03,1,55.68,0.35,3299.11,0,52.13,0.22,43200011,1,50.04
112,10/3/2022 5:48,0,1080.71,84.08,0.98,0,247.76,1323.08,2932.09,1,1354.7,0.98,3299.17,0,290.99,5.47,43200011,1,50.02
111,10/3/2022 5:51,0,1080.71,84.28,0.36,0,248.4,20.29,2932.09,1,57.03,0.36,3299.18,0,53.3,0.23,43200011,1,49.96
110,10/3/2022 5:54,0,1080.72,84.37,0.56,0,248.69,37.89,2932.09,1,67.69,0.56,3299.18,0,56.09,0.27,43200011,1,49.99
129,10/3/2022 5:57,0,1080.73,84.07,0.98,0,247.71,1331.33,2932.13,1,1362.16,0.98,3299.22,0,288.14,5.5,43200011,1,50.06
128,10/3/2022 6:00,0,1080.73,84.36,0.34,0,248.66,19.06,2932.16,1,55.3,0.34,3299.25,0,51.91,0.22,43200011,1,50.09
127,10/3/2022 6:03,0,1080.73,83.97,0.34,0,247.51,18.73,2932.16,1,55.39,0.34,3299.25,0,52.13,0.22,43200011,1,50.07
126,10/3/2022 6:06,0,1080.74,83.47,0.98,0,245.97,1332.81,2932.18,1,1360.76,0.98,3299.27,0,274.37,5.53,43200011,1,49.99
125,10/3/2022 6:09,0,1080.75,83.6,0.35,0,246.41,19.38,2932.23,1,56.03,0.35,3299.32,0,52.58,0.23,43200011,1,49.97
124,10/3/2022 6:12,0,1080.76,83.5,0.35,0,246.13,20.55,2932.23,1,58.09,0.35,3299.33,0,54.33,0.24,43200011,1,49.97
123,10/3/2022 6:15,0,1080.76,83.56,0.35,0,246.28,20.16,2932.23,1,57.78,0.35,3299.33,0,54.14,0.23,43200011,1,50.05
122,10/3/2022 6:18,0,1080.77,83.38,0.98,0,245.65,1310.49,2932.29,1,1337.47,0.98,3299.39,0,267.27,5.45,43200011,1,50.04
121,10/3/2022 6:21,0,1080.77,83.39,0.35,0,245.76,21.31,2932.3,1,60.95,0.35,3299.4,0,57.1,0.25,43200011,1,49.99
120,10/3/2022 6:24,0,1080.78,83.36,0.35,0,245.68,21.44,2932.3,1,61.13,0.35,3299.4,0,57.24,0.25,43200011,1,49.98
139,10/3/2022 6:27,0,1080.79,82.86,0.98,0,244.12,1312.63,2932.34,1,1337.92,0.98,3299.44,0,258.94,5.48,43200011,1,50.02
138,10/3/2022 6:30,0,1080.79,83.2,0.35,0,245.24,22.1,2932.36,1,63.27,0.35,3299.47,0,59.29,0.26,43200011,1,50.03
137,10/3/2022 6:33,0,1080.79,82.7,0.36,0,243.74,22.6,2932.36,1,63.57,0.36,3299.47,0,59.41,0.26,43200011,1,50.02
136,10/3/2022 6:36,0,1080.79,82.87,0.98,0,244.2,1330.16,2932.38,1,1355.65,0.98,3299.49,0,261.67,5.55,43200011,1,50.01
135,10/3/2022 6:39,0,1080.81,83.14,0.36,0,245.03,23.3,2932.43,1,64.59,0.36,3299.54,0,60.24,0.26,43200011,1,49.98
134,10/3/2022 6:42,0,1080.81,83.22,0.36,0,245.29,23.62,2932.43,1,64.76,0.36,3299.55,0,60.29,0.26,43200011,1,50.01
133,10/3/2022 6:45,0,1080.81,82.83,0.36,0,244.14,23.99,2932.43,1,65.92,0.36,3299.55,0,61.4,0.27,43200011,1,49.97
132,10/3/2022 6:48,0,1080.83,82.56,0.98,0,243.28,1296.89,2932.49,1,1320.43,0.98,3299.61,0,248.22,5.43,43200011,1,50.03
131,10/3/2022 6:51,0,1080.83,83.15,0.36,0,245.11,23.68,2932.5,1,66.38,0.36,3299.62,0,62.01,0.27,43200011,1,50
130,10/3/2022 6:54,0,1080.84,82.69,0.36,0,243.73,23.88,2932.5,1,65.66,0.36,3299.62,0,61.16,0.27,43200011,1,49.98
149,10/3/2022 6:57,0,1080.84,82.58,0.98,0,243.29,1307.3,2932.53,1,1332.01,0.98,3299.66,0,255.4,5.47,43200011,1,49.96
148,10/3/2022 7:00,0,1080.85,83.06,0.35,0,244.79,24.23,2932.56,1,69.18,0.35,3299.69,0,64.79,0.28,43200011,1,50.02
147,10/3/2022 7:03,0,1080.85,82.92,0.36,0,244.39,23.47,2932.56,1,65.74,0.36,3299.69,0,61.41,0.27,43200011,1,50.04
146,10/3/2022 7:06,0,1080.85,82.71,0.98,0,243.7,1321.81,2932.58,1,1346.98,0.98,3299.71,0,259.16,5.53,43200011,1,49.99
145,10/3/2022 7:09,0,1080.87,82.59,0.36,0,243.41,24.01,2932.63,1,67.38,0.36,3299.76,0,62.95,0.28,43200011,1,49.95
144,10/3/2022 7:12,0,1080.87,82.65,0.35,0,243.59,23.59,2932.63,1,67.28,0.35,3299.76,0,63.01,0.28,43200011,1,49.98
143,10/3/2022 7:15,0,1080.88,82.05,0.98,0,241.74,1317.54,2932.64,1,1340.4,0.98,3299.78,0,246.49,5.54,43200011,1,50.03
142,10/3/2022 7:18,0,1080.88,82.33,0.34,0,242.66,21.91,2932.69,1,64.26,0.34,3299.83,0,60.41,0.27,43200011,1,50.01
141,10/3/2022 7:21,0,1080.88,82.53,0.35,0,243.22,22.35,2932.69,1,64.06,0.35,3299.84,0,60.04,0.26,43200011,1,50.03
140,10/3/2022 7:24,0,1080.89,82.31,0.34,0,242.61,22.11,2932.7,1,65.6,0.34,3299.84,0,61.76,0.27,43200011,1,49.98
159,10/3/2022 7:27,0,1080.91,81.92,0.98,0,241.36,1292.99,2932.75,1,1315.32,0.98,3299.9,0,241.3,5.45,43200011,1,50.01
158,10/3/2022 7:30,0,1080.91,81.85,0.34,0,241.21,21.59,2932.76,1,62.81,0.34,3299.91,0,58.98,0.26,43200011,1,49.99
157,10/3/2022 7:33,0,1080.91,82.16,0.33,0,242.13,21.07,2932.76,1,63.1,0.33,3299.91,0,59.48,0.26,43200011,1,49.99
156,10/3/2022 7:36,0,1080.91,81.42,0.98,0,239.84,1301.64,2932.8,1,1323.77,0.98,3299.95,0,241.05,5.52,43200011,1,49.98
155,10/3/2022 7:39,0,1080.93,81.88,0.33,0,241.3,19.83,2932.83,1,59.36,0.33,3299.98,0,55.95,0.25,43200011,1,50.02
154,10/3/2022 7:42,0,1080.93,81.8,0.34,0,241.06,19.08,2932.83,1,56.22,0.34,3299.98,0,52.88,0.23,43200011,1,50.02
153,10/3/2022 7:45,0,1080.93,81.21,0.98,0,239.2,1292.11,2932.84,1,1313.88,0.98,3300,0,238.15,5.49,43200011,1,49.99
152,10/3/2022 7:48,0,1080.94,81.66,0.34,0,240.62,18.24,2932.89,1,54.19,0.34,3300.05,0,51.03,0.23,43200011,1,49.99
151,10/3/2022 7:51,0,1080.95,81.93,0.33,0,241.42,19.22,2932.89,1,58.28,0.33,3300.05,0,55.02,0.24,43200011,1,50
150,10/3/2022 7:54,0,1080.95,81.57,0.33,0,240.48,19.42,2932.89,1,58.63,0.33,3300.05,0,55.32,0.24,43200011,1,49.99
169,10/3/2022 7:57,0,1080.96,81.61,0.98,0,240.41,1292.57,2932.95,1,1315.38,0.98,3300.11,0,243.91,5.47,43200011,1,50.03
168,10/3/2022 8:00,0,1080.96,82.03,0.33,0,241.74,19.41,2932.96,1,58.02,0.33,3300.12,0,54.68,0.24,43200011,1,50.03
167,10/3/2022 8:03,0,1080.96,82.05,0.34,0,241.79,20.47,2932.96,1,60.16,0.34,3300.13,0,56.57,0.25,43200011,1,50.03
166,10/3/2022 8:06,0,1080.98,81.32,0.98,0,239.54,1317.95,2933,1,1340.75,0.98,3300.16,0,246.21,5.6,43200011,1,50.02
165,10/3/2022 8:09,0,1080.99,81.61,0.35,0,240.51,22.5,2933.02,1,63.93,0.35,3300.19,0,59.84,0.27,43200011,1,49.99
164,10/3/2022 8:12,0,1080.99,81.17,0.37,0,239.21,22.91,2933.03,1,62.48,0.37,3300.2,0,58.13,0.26,43200011,1,49.99
163,10/3/2022 8:15,0,1080.99,80.54,0.98,0,237.27,1307.19,2933.04,1,1329.76,0.98,3300.21,0,243.92,5.6,43200011,1,49.96
162,10/3/2022 8:18,0,1081,80.84,0.54,0,238.22,39.26,2933.09,1,72.09,0.54,3300.26,0,60.46,0.3,43200011,1,50.02
161,10/3/2022 8:21,0,1081.01,80.28,0.55,0,236.53,40.61,2933.09,1,74.22,0.55,3300.27,0,62.13,0.31,43200011,1,50.04
160,10/3/2022 8:24,0,1081.01,80.67,0.37,0,237.71,23.35,2933.09,1,63.61,0.37,3300.27,0,59.16,0.28,43200011,1,50.04
179,10/3/2022 8:27,0,1081.02,80.68,0.98,0,237.66,1308.5,2933.15,1,1331.42,0.98,3300.33,0,245.98,5.6,43200011,1,50.08
178,10/3/2022 8:30,0,1081.02,80.75,0.36,0,237.92,23.98,2933.16,1,65.9,0.36,3300.34,0,61.39,0.28,43200011,1,50.07
177,10/3/2022 8:33,0,1081.03,80.54,0.36,0,237.33,24.26,2933.16,1,67.64,0.36,3300.34,0,63.14,0.28,43200011,1,50.05
176,10/3/2022 8:36,0,1081.04,80.7,0.98,0,237.66,1325.22,2933.19,1,1348.58,0.98,3300.38,0,249.9,5.67,43200011,1,50.08
175,10/3/2022 8:39,0,1081.04,80.75,0.36,0,237.95,24.89,2933.22,1,69.15,0.36,3300.41,0,64.51,0.29,43200011,1,50.09
174,10/3/2022 8:42,0,1081.04,80.3,0.36,0,236.8,24.7,2933.22,1,69,0.36,3300.41,0,64.43,0.29,43200011,1,50.08
173,10/3/2022 8:45,0,1081.04,80.81,0.98,0,238.04,1333.28,2933.24,1,1357.92,0.98,3300.43,0,257.52,5.71,43200011,1,50.06
172,10/3/2022 8:48,0,1081.06,81.57,0.35,0,240.34,24.71,2933.29,1,71.33,0.35,3300.48,0,66.92,0.3,43200011,1,50.07
171,10/3/2022 8:51,0,1081.06,81.11,0.35,0,239.01,24.45,2933.29,1,70.27,0.35,3300.49,0,65.88,0.29,43200011,1,50.08
170,10/3/2022 8:54,0,1081.06,81.45,0.34,0,240.03,23.84,2933.29,1,69.75,0.34,3300.49,0,65.55,0.29,43200011,1,50.05
189,10/3/2022 8:57,0,1081.08,81.11,0.98,0,238.91,1340.44,2933.35,1,1364.51,0.98,3300.55,0,255.17,5.71,43200011,1,50.04
188,10/3/2022 9:00,0,1081.08,80.84,0.34,0,238.22,23.94,2933.36,1,69.42,0.34,3300.56,0,65.16,0.29,43200011,1,50.03
187,10/3/2022 9:03,0,1081.09,80.77,0.34,0,238.26,24.3,2933.36,1,70.95,0.34,3300.56,0,66.66,0.3,43200011,1,50
186,10/3/2022 9:06,0,1081.09,80.44,0.98,0,236.94,1355.58,2933.4,1,1379.46,0.98,3300.6,0,255.59,5.82,43200011,1,50.03
185,10/3/2022 9:09,0,1081.1,81.01,0.34,0,238.78,23.44,2933.43,1,69.91,0.34,3300.63,0,65.87,0.29,43200011,1,50.04
184,10/3/2022 9:12,0,1081.1,80.5,0.35,0,237.21,23.05,2933.43,1,66.51,0.35,3300.64,0,62.39,0.28,43200011,1,50.03
183,10/3/2022 9:15,238.5,1081.11,81.12,1,0.1,0,16.46,2933.44,0.72,22.8,0.72,3300.65,0,15.78,0,43200011,1,49.99
182,10/3/2022 9:18,237.48,1081.11,80.78,1,0.08,0,3.73,2933.44,0.21,17.95,0.21,3300.65,0,17.56,0,43200011,1,50.02
181,10/3/2022 9:21,236.69,1081.11,80.52,1,0.08,0,3.72,2933.44,0.2,18.56,0.2,3300.65,0,18.18,0,43200011,1,50
180,10/3/2022 9:24,238.91,1081.11,81.28,1,0.08,0,3.65,2933.44,0.19,18.87,0.19,3300.65,0,18.52,0,43200011,1,50
199,10/3/2022 9:27,239.54,1081.11,81.48,1,0.08,0,3.69,2933.44,0.2,18.12,0.2,3300.65,0,17.74,0,43200011,1,50.03
198,10/3/2022 9:30,241.7,1081.11,82.22,1,0.08,0,3.57,2933.44,0.19,18.71,0.19,3300.65,0,18.36,0,43200011,1,49.96
197,10/3/2022 9:33,242.85,1081.11,82.61,1,0.08,0,3.59,2933.44,0.19,18.7,0.19,3300.66,0,18.35,0,43200011,1,49.99
196,10/3/2022 9:36,243.13,1081.11,82.7,1,0.08,0,3.54,2933.44,0.19,18.38,0.19,3300.66,0,18.04,0,43200011,1,50
195,10/3/2022 9:39,243.26,1081.11,82.74,1,0.07,0,3.48,2933.44,0.2,17.56,0.2,3300.66,0,17.22,0,43200011,1,50.04
194,10/3/2022 9:42,242.88,1081.11,82.62,1,0.07,0,3.57,2933.44,0.2,18.17,0.2,3300.66,0,17.81,0,43200011,1,50.03
193,10/3/2022 9:45,242.5,1081.12,82.48,1,0.07,0,3.51,2933.44,0.2,17.95,0.2,3300.66,0,17.6,0,43200011,1,50
192,10/3/2022 9:48,242.28,1081.14,82.45,1,6.14,0,1381.07,2933.5,0.93,1486.73,0.93,3300.73,0,550.45,0,43200011,1,50.08
191,10/3/2022 9:51,243.09,1081.15,82.69,1,0.07,0,3.59,2933.53,0.2,18.23,0.2,3300.76,0,17.87,0,43200011,1,50.08
190,10/3/2022 9:54,242.52,1081.15,82.49,1,0.07,0,3.56,2933.53,0.2,17.95,0.2,3300.76,0,17.59,0,43200011,1,50.12
209,10/3/2022 9:57,241.89,1081.16,82.28,1,0.07,0,3.53,2933.53,0.2,18.09,0.2,3300.76,0,17.74,0,43200011,1,50.11
208,10/3/2022 10:00,242.12,1081.16,82.36,1,0.07,0,3.43,2933.53,0.19,18.26,0.19,3300.76,0,17.93,0,43200011,1,50.14
207,10/3/2022 10:03,241.16,1081.16,82.03,1,0.08,0,3.55,2933.53,0.19,18.38,0.19,3300.76,0,18.03,0,43200011,1,50.04
206,10/3/2022 10:06,240.94,1081.16,81.95,1,0.07,0,3.41,2933.53,0.19,17.83,0.19,3300.76,0,17.5,0,43200011,1,50.03
205,10/3/2022 10:09,240.82,1081.16,81.92,1,0.07,0,3.48,2933.53,0.19,17.82,0.19,3300.76,0,17.48,0,43200011,1,50.05
204,10/3/2022 10:12,241.16,1081.16,82.03,1,0.07,0,3.46,2933.53,0.2,17.7,0.2,3300.77,0,17.36,0,43200011,1,50.03
203,10/3/2022 10:15,240.48,1081.16,81.79,1,0.07,0,3.42,2933.53,0.19,17.84,0.19,3300.77,0,17.51,0,43200011,1,50.05
202,10/3/2022 10:18,240.86,1081.16,81.93,1,0.07,0,3.38,2933.53,0.19,18.06,0.19,3300.77,0,17.75,0,43200011,1,50.07
201,10/3/2022 10:21,237.71,1081.17,80.89,1,6.58,0,1445.23,2933.55,0.92,1563.75,0.92,3300.79,0,597.18,0,43200011,1,50.06
200,10/3/2022 10:24,239.27,1081.2,81.42,1,6.39,0,1416.42,2933.62,0.93,1530.23,0.93,3300.86,0,579.1,0,43200011,1,50.06
219,10/3/2022 10:27,240.97,1081.21,81.97,1,0.08,0,3.54,2933.65,0.19,18.36,0.19,3300.89,0,18.02,0,43200011,1,50.09
218,10/3/2022 10:30,241.19,1081.21,82.03,1,0.08,0,3.48,2933.65,0.19,18.52,0.19,3300.89,0,18.19,0,43200011,1,50.08
217,10/3/2022 10:33,241.38,1081.21,82.1,1,0.07,0,3.44,2933.65,0.19,17.91,0.19,3300.89,0,17.58,0,43200011,1,50.02
216,10/3/2022 10:36,239.36,1081.21,81.42,1,0.07,0,3.46,2933.65,0.2,17.71,0.2,3300.89,0,17.37,0,43200011,1,49.96
215,10/3/2022 10:39,240.58,1081.21,81.85,1,0.07,0,3.51,2933.65,0.2,17.56,0.2,3300.89,0,17.21,0,43200011,1,49.98
214,10/3/2022 10:42,239.78,1081.21,81.56,1,0.07,0,3.39,2933.65,0.19,17.74,0.19,3300.89,0,17.42,0,43200011,1,49.99
213,10/3/2022 10:45,239.72,1081.21,81.54,1,0.07,0,3.56,2933.65,0.2,17.88,0.2,3300.89,0,17.53,0,43200011,1,50.03
212,10/3/2022 10:48,239.21,1081.22,81.37,1,0.07,0,3.5,2933.65,0.2,17.94,0.2,3300.9,0,17.6,0,43200011,1,49.99
211,10/3/2022 10:51,239.24,1081.22,81.37,1,0.07,0,3.4,2933.65,0.19,17.46,0.19,3300.9,0,17.13,0,43200011,1,50.01
210,10/3/2022 10:54,239.51,1081.22,81.47,1,0.07,0,3.34,2933.65,0.19,17.96,0.19,3300.9,0,17.65,0,43200011,1,50.01
229,10/3/2022 10:57,237.89,1081.23,80.95,1,6.52,0,1437.16,2933.69,0.93,1551.19,0.93,3300.94,0,583.73,0,43200011,1,50
228,10/3/2022 11:00,237.38,1081.26,80.79,1,6.56,0,1440.62,2933.76,0.93,1556.55,0.93,3301.02,0,589.46,0,43200011,1,50.04
227,10/3/2022 11:03,238.83,1081.27,81.23,1,0.08,0,3.55,2933.76,0.2,18.06,0.2,3301.03,0,17.7,0,43200011,1,50.04
226,10/3/2022 11:06,239.16,1081.27,81.36,1,0.07,0,3.57,2933.77,0.2,17.75,0.2,3301.03,0,17.38,0,43200011,1,50
225,10/3/2022 11:09,239.23,1081.27,81.38,1,0.07,0,3.39,2933.77,0.19,17.56,0.19,3301.03,0,17.23,0,43200011,1,50.02
224,10/3/2022 11:12,237.68,1081.27,80.85,1,0.08,0,3.65,2933.77,0.2,18.25,0.2,3301.03,0,17.88,0,43200011,1,49.98
223,10/3/2022 11:15,238.31,1081.27,81.06,1,0.08,0,3.46,2933.77,0.19,18.3,0.19,3301.03,0,17.97,0,43200011,1,49.98
222,10/3/2022 11:18,237.63,1081.27,80.84,1,0.07,0,3.31,2933.77,0.2,16.63,0.2,3301.03,0,16.3,0,43200011,1,49.99
221,10/3/2022 11:21,238.61,1081.27,81.17,1,0.07,0,3.46,2933.77,0.2,17.66,0.2,3301.03,0,17.32,0,43200011,1,50.03
220,10/3/2022 11:24,239.07,1081.27,81.32,1,0.07,0,3.47,2933.77,0.2,17.36,0.2,3301.03,0,17.01,0,43200011,1,50.02
239,10/3/2022 11:27,238.74,1081.27,81.21,1,0.07,0,3.49,2933.77,0.2,17.86,0.2,3301.03,0,17.51,0,43200011,1,50.02
238,10/3/2022 11:30,238.36,1081.27,81.09,1,0.07,0,3.55,2933.77,0.21,17.3,0.21,3301.03,0,16.94,0,43200011,1,49.99
237,10/3/2022 11:33,237.69,1081.3,80.88,1,6.49,0,1430.36,2933.83,0.93,1542.94,0.93,3301.1,0,578.56,0,43200011,1,49.95
236,10/3/2022 11:36,239.79,1081.32,81.56,1,0.08,0,3.61,2933.88,0.2,18.22,0.2,3301.16,0,17.86,0,43200011,1,49.94
235,10/3/2022 11:39,239.68,1081.32,81.53,1,0.07,0,3.66,2933.88,0.21,17.5,0.21,3301.16,0,17.11,0,43200011,1,49.99
234,10/3/2022 11:42,240.24,1081.32,81.72,1,0.07,0,3.5,2933.88,0.2,17.44,0.2,3301.16,0,17.09,0,43200011,1,50.02
233,10/3/2022 11:45,240.31,1081.32,81.75,1,0.07,0,3.5,2933.89,0.2,17.54,0.2,3301.16,0,17.19,0,43200011,1,49.97
232,10/3/2022 11:48,241.48,1081.33,82.14,1,0.07,0,3.48,2933.89,0.2,17.39,0.2,3301.17,0,17.03,0,43200011,1,49.96
231,10/3/2022 11:51,241.77,1081.33,82.25,1,0.07,0,3.46,2933.89,0.2,17.41,0.2,3301.17,0,17.06,0,43200011,1,49.92
230,10/3/2022 11:54,240.83,1081.33,81.92,1,0.07,0,3.44,2933.89,0.2,17.39,0.2,3301.17,0,17.05,0,43200011,1,49.92
249,10/3/2022 11:57,241.5,1081.33,82.14,1,0.07,0,3.43,2933.89,0.2,17.24,0.2,3301.17,0,16.9,0,43200011,1,49.93
248,10/3/2022 12:00,242.34,1081.33,82.42,1,0.07,0,3.37,2933.89,0.2,17.01,0.2,3301.17,0,16.68,0,43200011,1,49.98
247,10/3/2022 12:03,241.75,1081.33,82.23,1,0.07,0,3.38,2933.89,0.2,17.26,0.2,3301.17,0,16.93,0,43200011,1,50.05
246,10/3/2022 12:06,240.88,1081.34,81.97,1,6.59,0,1481.37,2933.9,0.93,1587.16,0.93,3301.19,0,569.76,0,43200011,1,50
245,10/3/2022 12:09,240.67,1081.37,81.89,1,6.45,0,1447.06,2933.98,0.93,1551.94,0.93,3301.27,0,560.83,0,43200011,1,49.94
244,10/3/2022 12:12,241.82,1081.38,82.26,1,0.07,0,3.33,2934.01,0.19,17.46,0.19,3301.3,0,17.14,0,43200011,1,49.93
243,10/3/2022 12:15,242.88,1081.38,82.61,1,0.07,0,3.32,2934.01,0.19,17.54,0.19,3301.3,0,17.22,0,43200011,1,49.94
242,10/3/2022 12:18,242.15,1081.38,82.36,1,0.07,0,3.41,2934.01,0.2,17.43,0.2,3301.3,0,17.1,0,43200011,1,49.99
241,10/3/2022 12:21,243.41,1081.38,82.8,1,0.07,0,3.32,2934.01,0.19,17.67,0.19,3301.3,0,17.36,0,43200011,1,49.94
240,10/3/2022 12:24,243.72,1081.38,82.9,1,0.07,0,3.32,2934.01,0.19,17.69,0.19,3301.3,0,17.38,0,43200011,1,49.97
259,10/3/2022 12:27,244.67,1081.38,83.23,1,0.07,0,3.32,2934.01,0.18,18.25,0.18,3301.3,0,17.95,0,43200011,1,50.02
258,10/3/2022 12:30,242.19,1081.38,82.38,1,0.07,0,3.23,2934.01,0.18,17.92,0.18,3301.3,0,17.63,0,43200011,1,50.03
257,10/3/2022 12:33,242.72,1081.38,82.57,1,0.07,0,3.31,2934.01,0.19,17.82,0.19,3301.3,0,17.51,0,43200011,1,50.05
256,10/3/2022 12:36,241.32,1081.39,82.11,1,6.64,0,1495.28,2934.02,0.93,1602.22,0.93,3301.32,0,575.53,0,43200011,1,50.04
255,10/3/2022 12:39,242.09,1081.42,82.36,1,6.48,0,1465.97,2934.1,0.94,1567.87,0.94,3301.4,0,556.03,0,43200011,1,49.99
254,10/3/2022 12:42,242.89,1081.43,82.61,1,0.07,0,3.55,2934.13,0.19,18.31,0.19,3301.43,0,17.97,0,43200011,1,49.97
253,10/3/2022 12:45,243.45,1081.43,82.81,1,0.08,0,3.7,2934.13,0.2,18.89,0.2,3301.44,0,18.53,0,43200011,1,49.99
252,10/3/2022 12:48,242.23,1081.43,82.39,1,0.07,0,3.38,2934.13,0.19,17.78,0.19,3301.44,0,17.46,0,43200011,1,50
251,10/3/2022 12:51,243.71,1081.43,82.9,1,0.07,0,3.43,2934.13,0.2,17.01,0.2,3301.44,0,16.66,0,43200011,1,50.03
250,10/3/2022 12:54,244.92,1081.43,83.31,1,0.07,0,3.35,2934.13,0.2,17,0.2,3301.44,0,16.66,0,43200011,1,50.01
269,10/3/2022 12:57,244.65,1081.44,83.22,1,0.07,0,3.44,2934.13,0.2,16.98,0.2,3301.44,0,16.63,0,43200011,1,50.02
268,10/3/2022 13:00,243.21,1081.44,82.72,1,0.07,0,3.45,2934.13,0.2,17.41,0.2,3301.44,0,17.07,0,43200011,1,50.1
267,10/3/2022 13:03,244.62,1081.44,83.2,1,0.07,0,3.33,2934.13,0.2,16.98,0.2,3301.44,0,16.65,0,43200011,1,50.12
266,10/3/2022 13:06,243.55,1081.44,82.83,1,0.07,0,3.34,2934.13,0.2,17,0.2,3301.44,0,16.67,0,43200011,1,50.08
265,10/3/2022 13:09,243.91,1081.44,82.97,1,0.07,0,3.42,2934.13,0.2,17.02,0.2,3301.44,0,16.68,0,43200011,1,50
264,10/3/2022 13:12,243.01,1081.46,82.69,1,6.5,0,1482.05,2934.17,0.94,1580.54,0.94,3301.49,0,549.2,0,43200011,1,50.01
263,10/3/2022 13:15,241.8,1081.48,82.28,1,6.54,0,1477.9,2934.24,0.94,1580.36,0.94,3301.57,0,559.77,0,43200011,1,50.04
262,10/3/2022 13:18,243.66,1081.49,82.88,1,0.07,0,3.52,2934.25,0.2,17.4,0.2,3301.57,0,17.04,0,43200011,1,50.08
261,10/3/2022 13:21,244.07,1081.49,83.02,1,0.07,0,3.44,2934.25,0.2,17.57,0.2,3301.57,0,17.23,0,43200011,1,50.03
260,10/3/2022 13:24,244.23,1081.49,83.07,1,0.07,0,3.5,2934.25,0.2,17.49,0.2,3301.58,0,17.13,0,43200011,1,50.05
279,10/3/2022 13:27,244.37,1081.49,83.11,1,0.07,0,3.51,2934.25,0.19,18.08,0.19,3301.58,0,17.74,0,43200011,1,50.05
278,10/3/2022 13:30,243.16,1081.49,82.7,1,0.07,0,3.41,2934.25,0.2,17.36,0.2,3301.58,0,17.02,0,43200011,1,50.05
277,10/3/2022 13:33,242.81,1081.49,82.58,1,0.07,0,3.39,2934.25,0.2,17.29,0.2,3301.58,0,16.95,0,43200011,1,50.05
276,10/3/2022 13:36,240.96,1081.49,81.96,1,0.07,0,3.43,2934.25,0.2,16.72,0.2,3301.58,0,16.37,0,43200011,1,50.05
275,10/3/2022 13:39,240.12,1081.49,81.68,1,0.07,0,3.44,2934.25,0.2,16.81,0.2,3301.58,0,16.45,0,43200011,1,50.06
274,10/3/2022 13:42,237.54,1081.51,80.84,1,6.51,0,1433.57,2934.29,0.93,1547.1,0.93,3301.62,0,581.72,0,43200011,1,50.03
273,10/3/2022 13:45,237.43,1081.54,80.79,1,6.5,0,1430.61,2934.36,0.93,1542.68,0.93,3301.7,0,577.25,0,43200011,1,50
272,10/3/2022 13:48,238.53,1081.54,81.14,1,0.07,0,3.33,2934.37,0.2,16.98,0.2,3301.71,0,16.65,0,43200011,1,50.01
271,10/3/2022 13:51,238.12,1081.54,81,1,0.07,0,3.29,2934.37,0.19,17.76,0.19,3301.71,0,17.46,0,43200011,1,50.06
270,10/3/2022 13:54,238.02,1081.54,80.96,1,0.07,0,3.38,2934.37,0.2,17.28,0.2,3301.71,0,16.95,0,43200011,1,50.03
289,10/3/2022 13:57,238.32,1081.54,81.06,1,0.07,0,3.3,2934.37,0.19,17.16,0.19,3301.71,0,16.84,0,43200011,1,50.03
288,10/3/2022 14:00,238.01,1081.54,80.96,1,0.07,0,3.35,2934.37,0.19,17.18,0.19,3301.71,0,16.85,0,43200011,1,50.04
287,10/3/2022 14:03,238.24,1081.55,81.05,1,0.07,0,3.34,2934.37,0.19,17.3,0.19,3301.71,0,16.97,0,43200011,1,50.07
286,10/3/2022 14:06,237.08,1081.55,80.64,1,0.07,0,3.33,2934.37,0.2,16.93,0.2,3301.71,0,16.6,0,43200011,1,50.04
285,10/3/2022 14:09,236.23,1081.55,80.36,1,0.07,0,3.19,2934.37,0.19,17.01,0.19,3301.71,0,16.71,0,43200011,1,49.97
284,10/3/2022 14:12,237.92,1081.56,80.97,1,6.48,0,1430.36,2934.41,0.93,1542.44,0.93,3301.76,0,577.21,0,43200011,1,49.94
283,10/3/2022 14:15,236.63,1081.59,80.53,1,6.49,0,1422.44,2934.48,0.93,1535.78,0.93,3301.84,0,579.02,0,43200011,1,49.94
282,10/3/2022 14:18,237.54,1081.6,80.8,1,0.07,0,3.38,2934.49,0.2,16.77,0.2,3301.84,0,16.43,0,43200011,1,50.03
281,10/3/2022 14:21,237.66,1081.6,80.84,1,0.07,0,3.38,2934.49,0.2,16.97,0.2,3301.84,0,16.63,0,43200011,1,50.01
280,10/3/2022 14:24,237.08,1081.6,80.64,1,0.07,0,3.25,2934.49,0.19,16.88,0.19,3301.84,0,16.56,0,43200011,1,50
299,10/3/2022 14:27,238.22,1081.6,81.04,1,0.07,0,3.51,2934.49,0.2,17.2,0.2,3301.84,0,16.84,0,43200011,1,49.99
298,10/3/2022 14:30,238.04,1081.6,80.98,1,0.07,0,3.39,2934.49,0.2,17.33,0.2,3301.84,0,16.99,0,43200011,1,50.02
297,10/3/2022 14:33,236.89,1081.6,80.58,1,0.07,0,3.36,2934.49,0.19,17.25,0.19,3301.85,0,16.92,0,43200011,1,50.03
296,10/3/2022 14:36,236.83,1081.6,80.56,1,0.07,0,3.33,2934.49,0.2,16.91,0.2,3301.85,0,16.58,0,43200011,1,50.02
295,10/3/2022 14:39,238.81,1081.6,81.24,1,0.07,0,3.12,2934.49,0.19,16.86,0.19,3301.85,0,16.57,0,43200011,1,49.99
294,10/3/2022 14:42,237.48,1081.62,80.81,1,6.57,0,1445.57,2934.53,0.93,1560.1,0.93,3301.89,0,586.71,0,43200011,1,49.99
293,10/3/2022 14:45,237.56,1081.65,80.84,1,6.54,0,1439.63,2934.6,0.93,1553.4,0.93,3301.97,0,583.55,0,43200011,1,49.98
292,10/3/2022 14:48,238.59,1081.65,81.17,1,0.07,0,3.51,2934.6,0.2,17.42,0.2,3301.97,0,17.06,0,43200011,1,50.01
291,10/3/2022 14:51,238.86,1081.65,81.26,1,0.07,0,3.45,2934.6,0.2,17.44,0.2,3301.97,0,17.09,0,43200011,1,50.03
290,10/3/2022 14:54,238.97,1081.65,81.28,1,0.07,0,3.37,2934.6,0.19,17.35,0.19,3301.97,0,17.02,0,43200011,1,49.99
309,10/3/2022 14:57,238.47,1081.65,81.11,1,0.07,0,3.53,2934.6,0.2,17.65,0.2,3301.98,0,17.29,0,43200011,1,49.99
308,10/3/2022 15:00,239.9,1081.65,81.6,1,0.07,0,3.43,2934.6,0.19,17.66,0.19,3301.98,0,17.32,0,43200011,1,50.03
307,10/3/2022 15:03,241.24,1081.66,82.06,1,0.07,0,3.4,2934.6,0.19,17.51,0.19,3301.98,0,17.18,0,43200011,1,50.1
306,10/3/2022 15:06,239.8,1081.66,81.57,1,0.08,0,3.41,2934.6,0.19,18.32,0.19,3301.98,0,18,0,43200011,1,50.03
305,10/3/2022 15:09,239.61,1081.66,81.5,1,0.07,0,3.43,2934.6,0.2,17.3,0.2,3301.98,0,16.96,0,43200011,1,50
304,10/3/2022 15:12,238.58,1081.67,81.2,1,6.58,0,1457.04,2934.65,0.93,1569,0.93,3302.03,0,582.05,0,43200011,1,50.01
303,10/3/2022 15:15,237.13,1081.7,80.7,1,6.62,0,1453.32,2934.72,0.93,1568.52,0.93,3302.1,0,590.01,0,43200011,1,50
302,10/3/2022 15:18,238.81,1081.71,81.24,1,0.08,0,3.55,2934.72,0.2,18.05,0.2,3302.11,0,17.7,0,43200011,1,50.03
301,10/3/2022 15:21,239.49,1081.71,81.46,1,0.07,0,3.44,2934.72,0.2,17.43,0.2,3302.11,0,17.09,0,43200011,1,50.03
300,10/3/2022 15:24,239.93,1081.71,81.61,1,0.07,0,3.4,2934.72,0.19,17.51,0.19,3302.11,0,17.18,0,43200011,1,50.03
319,10/3/2022 15:27,0,1081.71,81.4,0.36,0,239.95,24.48,2934.72,1,68.05,0.36,3302.11,0,63.49,0.28,43200011,1,50.03
318,10/3/2022 15:30,0,1081.72,81.1,0.98,0,238.94,1381.16,2934.76,1,1409.79,0.98,3302.15,0,282.7,5.9,43200011,1,50.02
317,10/3/2022 15:33,0,1081.73,81.47,0.35,0,240.14,24.32,2934.83,1,69.59,0.35,3302.22,0,65.21,0.29,43200011,1,50
316,10/3/2022 15:36,0,1081.73,81.2,0.34,0,239.33,23.53,2934.83,1,68.88,0.34,3302.22,0,64.74,0.29,43200011,1,49.98
315,10/3/2022 15:39,0,1081.75,80.78,0.98,0,238.07,1404.83,2934.89,1,1431.75,0.98,3302.29,0,276.37,6.01,43200011,1,49.99
314,10/3/2022 15:42,0,1081.76,81,0.35,0,238.88,24.65,2934.9,1,69.9,0.35,3302.3,0,65.4,0.29,43200011,1,49.99
313,10/3/2022 15:45,0,1081.76,80.93,0.98,0,238.38,1393.25,2934.93,1,1419.55,0.98,3302.33,0,272.02,5.96,43200011,1,50.02
312,10/3/2022 15:48,0,1081.77,81.26,0.35,0,239.44,23.8,2934.97,1,68.38,0.35,3302.37,0,64.11,0.29,43200011,1,50.03
311,10/3/2022 15:51,0,1081.77,81.22,0.35,0,239.34,23.2,2934.97,1,66.97,0.35,3302.37,0,62.82,0.28,43200011,1,50
310,10/3/2022 15:54,0,1081.78,80.84,0.98,0,238.12,1425.37,2935.01,1,1452.48,0.98,3302.42,0,279.34,6.1,43200011,1,49.95
329,10/3/2022 15:57,0,1081.79,81,0.34,0,238.85,21.88,2935.04,1,63.92,0.34,3302.45,0,60.05,0.27,43200011,1,49.96
328,10/3/2022 16:00,0,1081.79,81.78,0.34,0,240.94,21.57,2935.04,1,63.8,0.34,3302.45,0,60.04,0.27,43200011,1,50.08
327,10/3/2022 16:03,0,1081.8,81.05,0.98,0,238.71,1410.59,2935.09,1,1437.65,0.98,3302.5,0,277.63,6.02,43200011,1,50.05
326,10/3/2022 16:06,0,1081.81,81.5,0.33,0,240.15,20.43,2935.11,1,61.05,0.33,3302.52,0,57.53,0.25,43200011,1,50
325,10/3/2022 16:09,0,1081.82,81.41,0.34,0,239.86,20.56,2935.11,1,60.78,0.34,3302.53,0,57.2,0.25,43200011,1,49.99
324,10/3/2022 16:12,0,1081.83,80.64,0.98,0,237.55,1401.01,2935.17,1,1428.2,0.98,3302.58,0,277.36,6.01,43200011,1,49.94
323,10/3/2022 16:15,0,1081.83,81.06,0.34,0,238.82,19.74,2935.18,1,57.89,0.34,3302.6,0,54.42,0.24,43200011,1,49.98
322,10/3/2022 16:18,0,1081.83,81.39,0.34,0,239.81,19.39,2935.18,1,57.46,0.34,3302.61,0,54.09,0.24,43200011,1,50.03
321,10/3/2022 16:21,0,1081.84,80.94,0.98,0,238.39,1403.87,2935.23,1,1430.2,0.98,3302.65,0,273.17,6,43200011,1,49.97
320,10/3/2022 16:24,0,1081.85,81.18,0.33,0,239.18,20.2,2935.25,1,60.8,0.33,3302.68,0,57.34,0.25,43200011,1,49.94
339,10/3/2022 16:27,0,1081.86,81.14,0.33,0,239.06,21.09,2935.26,1,63.11,0.33,3302.68,0,59.49,0.26,43200011,1,49.94
338,10/3/2022 16:30,0,1081.86,80.64,0.98,0,237.6,1397.42,2935.28,1,1424.03,0.98,3302.71,0,274.03,5.99,43200011,1,49.88
337,10/3/2022 16:33,0,1081.87,80.84,0.34,0,238.25,22.04,2935.33,1,64.42,0.34,3302.76,0,60.54,0.27,43200011,1,49.91
336,10/3/2022 16:36,0,1081.87,81.04,0.35,0,238.79,21.89,2935.33,1,63.09,0.35,3302.76,0,59.17,0.26,43200011,1,49.85
335,10/3/2022 16:39,0,1081.88,80.44,0.98,0,236.94,1480.2,2935.33,1,1504.66,0.98,3302.77,0,270.24,6.35,43200011,1,49.83
334,10/3/2022 16:42,0,1081.89,81.02,0.34,0,238.72,22.91,2935.4,1,67.46,0.34,3302.83,0,63.45,0.28,43200011,1,49.88
333,10/3/2022 16:45,0,1081.89,80.88,0.34,0,238.29,23.75,2935.4,1,69.72,0.34,3302.84,0,65.55,0.29,43200011,1,49.93
332,10/3/2022 16:48,0,1081.89,81.25,0.35,0,239.39,23.76,2935.4,1,67.7,0.35,3302.84,0,63.39,0.28,43200011,1,49.99
331,10/3/2022 16:51,0,1081.91,81.04,0.98,0,238.71,1390.84,2935.46,1,1417.17,0.98,3302.91,0,271.93,5.94,43200011,1,49.97
330,10/3/2022 16:54,0,1081.92,81.36,0.34,0,239.9,23.98,2935.47,1,69.62,0.34,3302.91,0,65.36,0.29,43200011,1,50
349,10/3/2022 16:57,0,1081.92,81.25,0.35,0,239.4,24.34,2935.47,1,70.38,0.35,3302.92,0,66.04,0.29,43200011,1,49.99
348,10/3/2022 17:00,0,1081.92,81.23,0.98,0,239.44,1422.23,2935.51,1,1448.8,0.98,3302.96,0,276.22,6.05,43200011,1,50.02
347,10/3/2022 17:03,0,1081.93,81.84,0.35,0,241.16,24.55,2935.54,1,70.08,0.35,3302.99,0,65.64,0.29,43200011,1,50.02
346,10/3/2022 17:06,0,1081.94,81.67,0.35,0,240.67,24.46,2935.54,1,69.6,0.35,3302.99,0,65.16,0.29,43200011,1,49.96
345,10/3/2022 17:09,0,1081.94,81.2,0.98,0,239.18,1394.94,2935.56,1,1421.88,0.98,3303.01,0,275.44,5.95,43200011,1,49.97
344,10/3/2022 17:12,0,1081.95,81.69,0.35,0,240.69,24.91,2935.61,1,71.77,0.35,3303.06,0,67.31,0.3,43200011,1,49.94
343,10/3/2022 17:15,0,1081.95,81.18,0.35,0,239.24,24.67,2935.61,1,70.05,0.35,3303.07,0,65.56,0.29,43200011,1,49.96
342,10/3/2022 17:18,0,1081.96,81.69,0.34,0,240.68,23.95,2935.61,1,69.51,0.34,3303.07,0,65.25,0.29,43200011,1,49.97
341,10/3/2022 17:21,0,1081.98,81.45,0.98,0,239.92,1387.62,2935.67,1,1414.47,0.98,3303.14,0,274.3,5.9,43200011,1,49.98
340,10/3/2022 17:24,0,1081.98,82.04,0.35,0,241.72,24.56,2935.68,1,69.33,0.35,3303.14,0,64.83,0.29,43200011,1,49.98
359,10/3/2022 17:27,0,1081.98,82.46,0.35,0,242.98,24.13,2935.68,1,68.62,0.35,3303.15,0,64.23,0.28,43200011,1,49.97
358,10/3/2022 17:30,0,1081.99,82.39,0.98,0,242.76,1427.69,2935.72,1,1455.64,0.98,3303.19,0,283.84,6,43200011,1,50.02
357,10/3/2022 17:33,0,1082,82.89,0.35,0,244.26,22.93,2935.75,1,66.15,0.35,3303.22,0,62.04,0.27,43200011,1,50.04
356,10/3/2022 17:36,0,1082,83.25,0.34,0,245.32,23.33,2935.75,1,68.15,0.34,3303.22,0,64.03,0.28,43200011,1,50.03
355,10/3/2022 17:39,0,1082,82.7,0.98,0,243.6,1401.95,2935.77,1,1430.71,0.98,3303.24,0,285.41,5.87,43200011,1,49.96
354,10/3/2022 17:42,0,1082.01,83.24,0.34,0,245.34,22.1,2935.82,1,64.77,0.34,3303.3,0,60.88,0.26,43200011,1,49.99
353,10/3/2022 17:45,0,1082.01,83.1,0.33,0,245.01,21.02,2935.82,1,63.7,0.33,3303.3,0,60.13,0.26,43200011,1,49.99
352,10/3/2022 17:48,0,1082.02,83.32,0.34,0,245.51,20.89,2935.82,1,62.31,0.34,3303.3,0,58.71,0.25,43200011,1,50.03
351,10/3/2022 17:51,0,1082.04,82.04,0.98,0,241.7,1375.62,2935.89,1,1402.1,0.98,3303.37,0,271.23,5.8,43200011,1,49.99
350,10/3/2022 17:54,0,1082.04,82.15,0.33,0,242.1,19.5,2935.89,1,58.59,0.33,3303.38,0,55.25,0.24,43200011,1,49.97
369,10/3/2022 17:57,0,1082.04,82.36,0.33,0,242.69,18.54,2935.89,1,56.74,0.33,3303.38,0,53.63,0.23,43200011,1,50.01
368,10/3/2022 18:00,0,1082.06,82.07,0.98,0,241.85,1397.48,2935.93,1,1423.67,0.98,3303.42,0,271.85,5.89,43200011,1,50.07
367,10/3/2022 18:03,0,1082.06,82.45,0.34,0,243.02,19.86,2935.96,1,59.2,0.34,3303.45,0,55.77,0.24,43200011,1,50.07
366,10/3/2022 18:06,0,1082.06,82.73,0.34,0,243.85,20.52,2935.96,1,60.43,0.34,3303.46,0,56.83,0.25,43200011,1,50.02
365,10/3/2022 18:09,0,1082.07,82.26,0.98,0,242.42,1365.69,2935.98,1,1393.04,0.98,3303.47,0,274.71,5.75,43200011,1,49.95
364,10/3/2022 18:12,0,1082.08,82.8,0.34,0,244.04,20.59,2936.03,1,60.81,0.34,3303.53,0,57.22,0.25,43200011,1,50.03
363,10/3/2022 18:15,0,1082.09,82.96,0.34,0,244.47,20.03,2936.03,1,59.41,0.34,3303.53,0,55.93,0.24,43200011,1,50.05
362,10/3/2022 18:18,0,1082.09,82.68,0.34,0,243.61,22.06,2936.03,1,64.7,0.34,3303.53,0,60.82,0.27,43200011,1,50.05
361,10/3/2022 18:21,0,1082.09,82.36,0.98,0,242.63,1398.15,2936.07,1,1424.97,0.98,3303.57,0,275.14,5.87,43200011,1,49.99
360,10/3/2022 18:24,0,1082.1,82.7,0.36,0,243.86,23.09,2936.1,1,64.96,0.36,3303.61,0,60.72,0.27,43200011,1,49.97
379,10/3/2022 18:27,0,1082.11,82.97,0.35,0,244.49,21.96,2936.1,1,62.74,0.35,3303.61,0,58.77,0.26,43200011,1,50.02
378,10/3/2022 18:30,0,1082.11,82.3,0.98,0,242.43,1372.03,2936.12,1,1399.21,0.98,3303.63,0,274.46,5.77,43200011,1,49.99
377,10/3/2022 18:33,0,1082.12,82.75,0.36,0,243.82,23.21,2936.17,1,64.95,0.36,3303.68,0,60.67,0.27,43200011,1,49.99
376,10/3/2022 18:36,0,1082.12,82.61,0.35,0,243.46,23.82,2936.17,1,67.44,0.35,3303.68,0,63.09,0.28,43200011,1,49.96
375,10/3/2022 18:39,0,1082.12,82.65,0.36,0,243.56,23.82,2936.17,1,66.25,0.36,3303.69,0,61.82,0.27,43200011,1,49.91
374,10/3/2022 18:42,0,1082.14,81.97,0.98,0,241.49,1358.23,2936.23,1,1384.85,0.98,3303.75,0,270.21,5.74,43200011,1,49.85
373,10/3/2022 18:45,0,1082.15,82.22,0.36,0,242.27,24.09,2936.24,1,67.79,0.36,3303.76,0,63.36,0.28,43200011,1,49.86
372,10/3/2022 18:48,0,1082.15,82.61,0.55,0,243.44,42.49,2936.24,1,77.9,0.55,3303.76,0,65.29,0.32,43200011,1,49.94
371,10/3/2022 18:51,0,1082.15,82.23,0.98,0,242.21,1362.33,2936.26,1,1389.27,0.98,3303.78,0,272.24,5.74,43200011,1,49.97
370,10/3/2022 18:54,0,1082.16,82.7,0.35,0,243.74,24.58,2936.31,1,70.15,0.35,3303.83,0,65.7,0.29,43200011,1,50.02
389,10/3/2022 18:57,0,1082.17,82.51,0.35,0,243.22,24.23,2936.31,1,69.66,0.35,3303.84,0,65.31,0.29,43200011,1,50.04
388,10/3/2022 19:00,0,1082.17,83.17,0.34,0,245.17,24.38,2936.31,1,70.71,0.34,3303.84,0,66.37,0.29,43200011,1,50.02
387,10/3/2022 19:03,0,1082.18,82.55,0.98,0,243.2,1362.88,2936.37,1,1389.6,0.98,3303.9,0,271.17,5.71,43200011,1,49.98
386,10/3/2022 19:06,0,1082.18,83.15,0.35,0,245.01,24.39,2936.38,1,69.83,0.35,3303.91,0,65.43,0.28,43200011,1,49.99
385,10/3/2022 19:09,0,1082.19,82.21,0.35,0,242.28,24.03,2936.38,1,69.49,0.35,3303.91,0,65.2,0.29,43200011,1,50.04
384,10/3/2022 19:12,0,1082.2,82.09,0.98,0,241.81,1369.86,2936.42,1,1395.15,0.98,3303.95,0,264.43,5.77,43200011,1,49.95
383,10/3/2022 19:15,0,1082.21,82.22,0.35,0,242.29,23.39,2936.45,1,66.29,0.35,3303.99,0,62.03,0.27,43200011,1,49.91
382,10/3/2022 19:18,0,1082.21,82.26,0.35,0,242.41,23.34,2936.45,1,66.23,0.35,3303.99,0,61.98,0.27,43200011,1,49.97
381,10/3/2022 19:21,0,1082.22,82.2,0.34,0,242.22,22.69,2936.45,1,66.37,0.34,3303.99,0,62.37,0.27,43200011,1,49.98
380,10/3/2022 19:24,0,1082.23,81.92,0.98,0,241.35,1345.63,2936.51,1,1370.19,0.98,3304.05,0,258.29,5.68,43200011,1,50.03
399,10/3/2022 19:27,0,1082.23,82.5,0.34,0,243.16,21.96,2936.52,1,64.29,0.34,3304.06,0,60.42,0.26,43200011,1,50.03
398,10/3/2022 19:30,0,1082.23,82.63,0.34,0,243.72,21.65,2936.52,1,63.71,0.34,3304.07,0,59.92,0.26,43200011,1,50
397,10/3/2022 19:33,0,1082.24,82.23,0.98,0,242.28,1370.05,2936.56,1,1395.19,0.98,3304.1,0,263.68,5.76,43200011,1,50
396,10/3/2022 19:36,0,1082.24,82.78,0.33,0,243.93,20.31,2936.59,1,61.18,0.33,3304.14,0,57.71,0.25,43200011,1,50.02
395,10/3/2022 19:39,0,1082.25,82.96,0.33,0,244.47,18.8,2936.59,1,57.25,0.33,3304.14,0,54.08,0.23,43200011,1,50.04
394,10/3/2022 19:42,0,1082.26,82.67,0.98,0,243.54,1357.1,2936.6,1,1384.18,0.98,3304.16,0,272.47,5.68,43200011,1,50.06
393,10/3/2022 19:45,0,1082.27,83.35,0.34,0,245.62,19.68,2936.66,1,58.65,0.34,3304.21,0,55.25,0.24,43200011,1,50.08
392,10/3/2022 19:48,0,1082.27,83.44,0.33,0,245.92,18.93,2936.66,1,57.15,0.33,3304.22,0,53.93,0.23,43200011,1,50.04
391,10/3/2022 19:51,0,1082.28,83.7,0.33,0,246.67,19.41,2936.66,1,58.76,0.33,3304.22,0,55.46,0.24,43200011,1,50.03
390,10/3/2022 19:54,0,1082.28,83.23,0.98,0,245.2,1382.68,2936.69,1,1411.18,0.98,3304.26,0,282.17,5.75,43200011,1,50.04
409,10/3/2022 19:57,0,1082.29,83.59,0.34,0,246.34,21.33,2936.73,1,62.23,0.34,3304.29,0,58.46,0.25,43200011,1,50.01
408,10/3/2022 20:00,0,1082.29,83.54,0.34,0,246.2,20.83,2936.73,1,60.57,0.34,3304.29,0,56.87,0.25,43200011,1,50.01
407,10/3/2022 20:03,0,1082.3,83.25,0.98,0,245.26,1375.45,2936.74,1,1408.04,0.98,3304.31,0,301.22,5.73,43200011,1,50.07
406,10/3/2022 20:06,0,1082.31,83.92,0.33,0,247.31,20.74,2936.79,1,62.32,0.33,3304.36,0,58.77,0.25,43200011,1,50.06
405,10/3/2022 20:09,0,1082.31,83.83,0.34,0,247.13,21.77,2936.8,1,64.35,0.34,3304.37,0,60.56,0.26,43200011,1,50.04
404,10/3/2022 20:12,0,1082.31,83.78,0.33,0,246.89,21.45,2936.8,1,64.19,0.33,3304.37,0,60.5,0.26,43200011,1,50.02
403,10/3/2022 20:15,0,1082.32,83.31,0.98,0,245.39,1382.92,2936.83,1,1411.73,0.98,3304.41,0,283.73,5.75,43200011,1,50.02
402,10/3/2022 20:18,0,1082.34,83.29,0.35,0,245.43,22.79,2936.87,1,65.04,0.35,3304.44,0,60.92,0.27,43200011,1,50.03
401,10/3/2022 20:21,0,1082.34,83.1,0.36,0,244.88,23.42,2936.87,1,65.58,0.36,3304.45,0,61.25,0.27,43200011,1,50.03
400,10/3/2022 20:24,0,1082.34,82.85,0.98,0,244.04,1386.74,2936.88,1,1414.11,0.98,3304.46,0,276.88,5.79,43200011,1,50.01
419,10/3/2022 20:27,0,1082.35,83.42,0.35,0,245.81,23.81,2936.93,1,67.4,0.35,3304.52,0,63.05,0.27,43200011,1,50.06
418,10/3/2022 20:30,0,1082.35,83.55,0.35,0,246.22,23.81,2936.94,1,67.27,0.35,3304.52,0,62.91,0.27,43200011,1,50
417,10/3/2022 20:33,0,1082.36,83.53,0.36,0,246.15,24.07,2936.94,1,67.3,0.36,3304.52,0,62.85,0.27,43200011,1,50.02
416,10/3/2022 20:36,0,1082.37,83.05,0.98,0,244.66,1361.92,2936.99,1,1389.57,0.98,3304.58,0,275.84,5.68,43200011,1,50.01
415,10/3/2022 20:39,0,1082.38,83.4,0.35,0,245.77,24.27,2937,1,70.19,0.35,3304.6,0,65.86,0.29,43200011,1,50.03
414,10/3/2022 20:42,0,1082.38,83.67,0.35,0,246.58,24.27,2937.01,1,69.19,0.35,3304.6,0,64.79,0.28,43200011,1,50.01
413,10/3/2022 20:45,0,1082.39,83.17,0.98,0,245.04,1391.77,2937.02,1,1420.45,0.98,3304.61,0,283.98,5.8,43200011,1,49.99
412,10/3/2022 20:48,0,1082.4,83.78,0.35,0,246.98,23.87,2937.07,1,69.06,0.35,3304.67,0,64.8,0.28,43200011,1,50.03
411,10/3/2022 20:51,0,1082.4,83.73,0.35,0,246.83,23.88,2937.07,1,68.37,0.35,3304.67,0,64.07,0.28,43200011,1,50.03
410,10/3/2022 20:54,0,1082.4,83.61,0.34,0,246.6,23.75,2937.08,1,68.97,0.34,3304.68,0,64.75,0.28,43200011,1,50.02
429,10/3/2022 20:57,0,1082.41,83.63,0.98,0,246.47,1365.75,2937.13,1,1395.27,0.98,3304.73,0,285.46,5.66,43200011,1,50.03
428,10/3/2022 21:00,0,1082.42,84.36,0.36,0,248.63,23.34,2937.14,1,65.19,0.36,3304.75,0,60.87,0.26,43200011,1,50.05
427,10/3/2022 21:03,0,1082.42,83.89,0.35,0,247.26,22.25,2937.14,1,63.25,0.35,3304.75,0,59.21,0.26,43200011,1,49.99
426,10/3/2022 21:06,0,1082.43,83.54,0.98,0,246.13,1412.4,2937.15,1,1441.34,0.98,3304.76,0,287.37,5.86,43200011,1,49.99
425,10/3/2022 21:09,0,1082.44,84.05,0.34,0,247.72,22.31,2937.21,1,64.95,0.34,3304.82,0,61,0.26,43200011,1,49.99
424,10/3/2022 21:12,0,1082.44,84.08,0.34,0,247.79,22.01,2937.21,1,63.93,0.34,3304.83,0,60.02,0.26,43200011,1,50.01
423,10/3/2022 21:15,0,1082.45,83.94,0.34,0,247.39,21.54,2937.21,1,62.94,0.34,3304.83,0,59.14,0.25,43200011,1,50.01
422,10/3/2022 21:18,0,1082.45,83.7,0.98,0,246.62,1368.39,2937.25,1,1398.48,0.98,3304.86,0,288.57,5.67,43200011,1,49.97
421,10/3/2022 21:21,0,1082.46,84.17,0.34,0,248.1,20.52,2937.28,1,59.59,0.34,3304.9,0,55.95,0.24,43200011,1,49.97
420,10/3/2022 21:24,0,1082.46,84.25,0.35,0,248.28,20.29,2937.28,1,58.25,0.35,3304.9,0,54.6,0.23,43200011,1,49.99
439,10/3/2022 21:27,0,1082.47,84.33,0.34,0,248.55,19.63,2937.28,1,57.02,0.34,3304.91,0,53.53,0.23,43200011,1,50
438,10/3/2022 21:30,0,1082.48,83.92,0.98,0,247.25,1350.12,2937.34,1,1382.87,0.98,3304.96,0,299.17,5.59,43200011,1,49.96
437,10/3/2022 21:33,0,1082.49,84.17,0.32,0,248.03,18.24,2937.35,1,56.2,0.32,3304.98,0,53.16,0.23,43200011,1,49.95
436,10/3/2022 21:36,247.76,1082.49,84.25,1,0.08,0,4.09,2937.35,0.21,19.03,0.21,3304.98,0,18.58,0,43200011,1,50
435,10/3/2022 21:39,248.32,1082.49,84.46,1,0.07,0,3.57,2937.35,0.2,17.91,0.2,3304.98,0,17.55,0,43200011,1,50.03
434,10/3/2022 21:42,249.08,1082.49,84.7,1,0.07,0,3.78,2937.35,0.21,18.33,0.21,3304.98,0,17.94,0,43200011,1,49.99
433,10/3/2022 21:45,248.76,1082.49,84.61,1,0.07,0,3.71,2937.35,0.2,18.41,0.2,3304.98,0,18.03,0,43200011,1,49.96
432,10/3/2022 21:48,248.37,1082.5,84.46,1,0.07,0,3.64,2937.35,0.2,18.03,0.2,3304.98,0,17.66,0,43200011,1,49.92
431,10/3/2022 21:51,248.72,1082.5,84.58,1,0.07,0,3.61,2937.35,0.2,17.96,0.2,3304.99,0,17.59,0,43200011,1,49.93
430,10/3/2022 21:54,249.41,1082.5,84.83,1,0.07,0,3.57,2937.35,0.2,18.11,0.2,3304.99,0,17.75,0,43200011,1,49.98
449,10/3/2022 21:57,248.46,1082.5,84.5,1,0.07,0,3.67,2937.35,0.2,18.29,0.2,3304.99,0,17.91,0,43200011,1,49.98
448,10/3/2022 22:00,249.36,1082.5,84.8,1,0.08,0,3.85,2937.35,0.2,18.95,0.2,3304.99,0,18.56,0,43200011,1,50.03
447,10/3/2022 22:03,249.22,1082.5,84.76,1,0.07,0,3.71,2937.35,0.2,18.09,0.2,3304.99,0,17.71,0,43200011,1,49.98
446,10/3/2022 22:06,246.93,1082.51,84.01,1,5.69,0,1323.76,2937.37,0.94,1405.82,0.94,3305,0,473.27,0,43200011,1,49.93
445,10/3/2022 22:09,247.02,1082.53,84.04,1,5.83,0,1356.82,2937.43,0.94,1438.84,0.94,3305.07,0,478.85,0,43200011,1,49.94
444,10/3/2022 22:12,248.07,1082.54,84.36,1,0.07,0,3.54,2937.45,0.2,17.91,0.2,3305.09,0,17.56,0,43200011,1,49.94
443,10/3/2022 22:15,248.1,1082.54,84.37,1,0.07,0,3.38,2937.45,0.19,18.01,0.19,3305.09,0,17.69,0,43200011,1,49.99
442,10/3/2022 22:18,248.46,1082.54,84.5,1,0.08,0,3.46,2937.45,0.18,18.78,0.18,3305.1,0,18.46,0,43200011,1,49.97
441,10/3/2022 22:21,248.15,1082.54,84.39,1,0.07,0,3.48,2937.45,0.19,18.36,0.19,3305.1,0,18.03,0,43200011,1,49.97
440,10/3/2022 22:24,248.14,1082.54,84.39,1,0.07,0,3.43,2937.45,0.2,17.57,0.2,3305.1,0,17.23,0,43200011,1,49.99
459,10/3/2022 22:27,248.72,1082.54,84.59,1,0.07,0,3.54,2937.45,0.2,18.06,0.2,3305.1,0,17.71,0,43200011,1,50.01
458,10/3/2022 22:30,249.06,1082.54,84.7,1,0.07,0,3.28,2937.45,0.19,17.73,0.19,3305.1,0,17.43,0,43200011,1,50.02
457,10/3/2022 22:33,248.3,1082.54,84.45,1,0.07,0,3.51,2937.45,0.2,17.88,0.2,3305.1,0,17.53,0,43200011,1,50
456,10/3/2022 22:36,248.7,1082.54,84.58,1,0.07,0,3.42,2937.45,0.19,17.91,0.19,3305.1,0,17.58,0,43200011,1,50.02
455,10/3/2022 22:39,249.14,1082.54,84.73,1,0.07,0,3.3,2937.45,0.18,17.94,0.18,3305.1,0,17.63,0,43200011,1,50.02
454,10/3/2022 22:42,247.11,1082.56,84.08,1,5.86,0,1365.93,2937.49,0.94,1448.66,0.94,3305.14,0,482.54,0,43200011,1,49.99
453,10/3/2022 22:45,248.74,1082.58,84.59,1,0.27,0,26.12,2937.55,0.39,66.16,0.39,3305.21,0,60.79,0,43200011,1,50.04
452,10/3/2022 22:48,249.41,1082.58,84.82,1,0.07,0,3.41,2937.55,0.19,18.16,0.19,3305.21,0,17.83,0,43200011,1,50.03
451,10/3/2022 22:51,248.89,1082.58,84.64,1,0.07,0,3.35,2937.55,0.19,17.92,0.19,3305.21,0,17.6,0,43200011,1,50.03
450,10/3/2022 22:54,249.09,1082.58,84.72,1,0.07,0,3.44,2937.55,0.19,17.74,0.19,3305.21,0,17.4,0,43200011,1,50
469,10/3/2022 22:57,244.55,1082.58,83.17,1,0.07,0,3.38,2937.55,0.2,17.17,0.2,3305.21,0,16.83,0,43200011,1,50.03
468,10/3/2022 23:00,244.29,1082.58,83.08,1,0.07,0,3.37,2937.55,0.19,17.39,0.19,3305.21,0,17.06,0,43200011,1,50.03
467,10/3/2022 23:03,243.46,1082.59,82.8,1,0.07,0,3.27,2937.55,0.2,16.7,0.2,3305.21,0,16.38,0,43200011,1,49.99
466,10/3/2022 23:06,245.05,1082.59,83.34,1,0.07,0,3.38,2937.55,0.2,17.3,0.2,3305.22,0,16.97,0,43200011,1,49.97
465,10/3/2022 23:09,245.04,1082.59,83.33,1,0.07,0,3.18,2937.55,0.18,17.64,0.18,3305.22,0,17.35,0,43200011,1,49.98
464,10/3/2022 23:12,244.84,1082.59,83.26,1,0.07,0,3.31,2937.55,0.19,17.33,0.19,3305.22,0,17.02,0,43200011,1,50.04
463,10/3/2022 23:15,244.96,1082.59,83.31,1,0.07,0,3.32,2937.55,0.19,17.1,0.19,3305.22,0,16.77,0,43200011,1,50.05
462,10/3/2022 23:18,244.06,1082.61,83.03,1,5.93,0,1355.52,2937.61,0.94,1448.3,0.94,3305.28,0,510.05,0,43200011,1,50.02
461,10/3/2022 23:21,245.55,1082.63,83.5,1,0.07,0,3.52,2937.67,0.19,18.07,0.19,3305.34,0,17.73,0,43200011,1,50.03
460,10/3/2022 23:24,244.74,1082.63,83.24,1,0.07,0,3.48,2937.67,0.2,17.43,0.2,3305.34,0,17.07,0,43200011,1,50.03
479,10/3/2022 23:27,245.05,1082.63,83.34,1,0.07,0,3.55,2937.67,0.2,17.45,0.2,3305.34,0,17.08,0,43200011,1,50.01
478,10/3/2022 23:30,244.42,1082.63,83.13,1,0.07,0,3.77,2937.67,0.21,18.14,0.21,3305.34,0,17.74,0,43200011,1,50.03
477,10/3/2022 23:33,244.62,1082.64,83.19,1,0.07,0,3.46,2937.67,0.2,17.27,0.2,3305.34,0,16.92,0,43200011,1,50.02
476,10/3/2022 23:36,244.4,1082.64,83.12,1,0.07,0,3.41,2937.67,0.2,17.3,0.2,3305.34,0,16.96,0,43200011,1,50.03
475,10/3/2022 23:39,244.43,1082.64,83.13,1,0.07,0,3.48,2937.67,0.19,17.94,0.19,3305.34,0,17.6,0,43200011,1,50.03
474,10/3/2022 23:42,242.9,1082.64,82.61,1,0.07,0,3.44,2937.67,0.19,17.83,0.19,3305.34,0,17.49,0,43200011,1,50.02
473,10/3/2022 23:45,243.85,1082.64,82.93,1,0.07,0,3.41,2937.67,0.2,17.26,0.2,3305.34,0,16.92,0,43200011,1,50.03
472,10/3/2022 23:48,243.52,1082.64,82.82,1,0.07,0,3.45,2937.67,0.19,17.87,0.19,3305.35,0,17.54,0,43200011,1,50.03
471,10/3/2022 23:51,243.04,1082.64,82.69,1,6.07,0,1378.47,2937.68,0.93,1475.25,0.93,3305.36,0,525.54,0,43200011,1,50.03
470,10/3/2022 23:54,243.3,1082.67,82.78,1,5.95,0,1352.12,2937.75,0.93,1446.86,0.93,3305.43,0,514.95,0,43200011,1,50.05
489,10/3/2022 23:57,244.91,1082.68,83.3,1,0.07,0,3.51,2937.78,0.19,18.37,0.19,3305.46,0,18.03,0,43200011,1,50.03
488,10/4/2022 0:00,244.63,1082.68,83.2,1,0.07,0,3.52,2937.78,0.21,16.73,0.21,3305.47,0,16.36,0,43200011,1,50.01
487,10/4/2022 0:03,244.22,1082.68,83.06,1,0.07,0,3.4,2937.78,0.2,16.95,0.2,3305.47,0,16.6,0,43200011,1,49.96
486,10/4/2022 0:06,243.9,1082.69,82.94,1,0.07,0,3.47,2937.78,0.2,16.93,0.2,3305.47,0,16.57,0,43200011,1,50.02
485,10/4/2022 0:09,243.91,1082.69,82.95,1,0.07,0,3.4,2937.78,0.2,17.22,0.2,3305.47,0,16.88,0,43200011,1,50.03
484,10/4/2022 0:12,243.99,1082.69,82.97,1,0.07,0,3.4,2937.78,0.2,16.93,0.2,3305.47,0,16.59,0,43200011,1,50
483,10/4/2022 0:15,244.01,1082.69,82.99,1,0.07,0,3.45,2937.78,0.19,17.72,0.19,3305.47,0,17.38,0,43200011,1,50.03
482,10/4/2022 0:18,243.82,1082.69,82.92,1,0.07,0,3.28,2937.78,0.2,16.77,0.2,3305.47,0,16.45,0,43200011,1,50
481,10/4/2022 0:21,244.48,1082.69,83.14,1,0.07,0,3.27,2937.78,0.2,16.43,0.2,3305.47,0,16.1,0,43200011,1,50.02
480,10/4/2022 0:24,244.24,1082.69,83.07,1,0.07,0,3.68,2937.78,0.21,17.44,0.21,3305.47,0,17.05,0,43200011,1,50.03
499,10/4/2022 0:27,243,1082.7,82.68,1,5.94,0,1347.31,2937.81,0.93,1442.69,0.93,3305.51,0,515.87,0,43200011,1,50.03
498,10/4/2022 0:30,242.53,1082.73,82.51,1,5.96,0,1347.88,2937.88,0.93,1444.31,0.93,3305.58,0,518.9,0,43200011,1,50.01
497,10/4/2022 0:33,243.71,1082.73,82.88,1,0.07,0,3.56,2937.89,0.2,17.35,0.2,3305.59,0,16.98,0,43200011,1,49.95
496,10/4/2022 0:36,242.34,1082.74,82.4,1,0.07,0,3.48,2937.89,0.2,17.11,0.2,3305.59,0,16.75,0,43200011,1,49.98
495,10/4/2022 0:39,244.2,1082.74,83.05,1,0.07,0,3.34,2937.89,0.19,17.14,0.19,3305.59,0,16.81,0,43200011,1,50.03
494,10/4/2022 0:42,243.16,1082.74,82.69,1,0.07,0,3.51,2937.89,0.21,17.02,0.21,3305.59,0,16.66,0,43200011,1,50.03
493,10/4/2022 0:45,244.87,1082.74,83.28,1,0.07,0,3.53,2937.89,0.2,17.48,0.2,3305.6,0,17.12,0,43200011,1,50.03
492,10/4/2022 0:48,243.98,1082.74,82.97,1,0.07,0,3.46,2937.89,0.2,17.13,0.2,3305.6,0,16.77,0,43200011,1,49.98
491,10/4/2022 0:51,244.55,1082.74,83.17,1,0.07,0,3.47,2937.89,0.2,16.92,0.2,3305.6,0,16.56,0,43200011,1,50.02
490,10/4/2022 0:54,243.85,1082.74,82.94,1,0.07,0,3.65,2937.89,0.21,17.36,0.21,3305.6,0,16.97,0,43200011,1,50.01
509,10/4/2022 0:57,243.24,1082.75,82.76,1,5.94,0,1351.76,2937.93,0.94,1444.85,0.94,3305.64,0,510.22,0,43200011,1,49.99
508,10/4/2022 1:00,243.36,1082.78,82.81,1,5.95,0,1354.3,2937.99,0.94,1447.16,0.94,3305.71,0,510.06,0,43200011,1,50
507,10/4/2022 1:03,244.12,1082.78,83.03,1,0.07,0,3.53,2938,0.2,17.38,0.2,3305.71,0,17.02,0,43200011,1,49.97
506,10/4/2022 1:06,244.26,1082.78,83.07,1,0.07,0,3.52,2938,0.21,17.15,0.21,3305.71,0,16.78,0,43200011,1,50.03
505,10/4/2022 1:09,244.3,1082.78,83.09,1,0.07,0,3.46,2938,0.21,16.71,0.21,3305.71,0,16.35,0,43200011,1,50.02
504,10/4/2022 1:12,244.48,1082.78,83.14,1,0.07,0,3.45,2938,0.21,16.77,0.21,3305.72,0,16.41,0,43200011,1,50.02
503,10/4/2022 1:15,245.39,1082.79,83.45,1,0.07,0,3.57,2938,0.21,16.88,0.21,3305.72,0,16.5,0,43200011,1,50.01
502,10/4/2022 1:18,245.14,1082.79,83.36,1,0.07,0,3.42,2938,0.2,16.96,0.2,3305.72,0,16.61,0,43200011,1,49.97
501,10/4/2022 1:21,245.4,1082.79,83.46,1,0.07,0,3.46,2938,0.2,17.13,0.2,3305.72,0,16.78,0,43200011,1,50
500,10/4/2022 1:24,245.99,1082.79,83.66,1,0.07,0,3.42,2938,0.2,17.17,0.2,3305.72,0,16.83,0,43200011,1,50.06
519,10/4/2022 1:27,246.35,1082.79,83.78,1,0.07,0,3.43,2938,0.2,16.95,0.2,3305.72,0,16.6,0,43200011,1,50.03
518,10/4/2022 1:30,245.09,1082.79,83.35,1,0.07,0,3.43,2938,0.2,16.86,0.2,3305.72,0,16.51,0,43200011,1,50
517,10/4/2022 1:33,245.18,1082.81,83.41,1,5.9,0,1359.57,2938.06,0.94,1445.63,0.94,3305.78,0,491.35,0,43200011,1,49.97
516,10/4/2022 1:36,244.97,1082.83,83.31,1,0.07,0,3.43,2938.11,0.2,17.34,0.2,3305.84,0,17,0,43200011,1,49.97
515,10/4/2022 1:39,245.46,1082.83,83.48,1,0.07,0,3.35,2938.11,0.2,16.64,0.2,3305.84,0,16.3,0,43200011,1,50.03
514,10/4/2022 1:42,245.9,1082.83,83.63,1,0.07,0,3.35,2938.11,0.2,16.92,0.2,3305.84,0,16.58,0,43200011,1,50.03
513,10/4/2022 1:45,245.77,1082.83,83.58,1,0.07,0,3.29,2938.11,0.19,17.35,0.19,3305.84,0,17.04,0,43200011,1,50.03
512,10/4/2022 1:48,245.5,1082.83,83.49,1,0.07,0,3.36,2938.11,0.19,17.58,0.19,3305.84,0,17.25,0,43200011,1,50.01
511,10/4/2022 1:51,246.1,1082.83,83.7,1,0.07,0,3.36,2938.11,0.19,17.37,0.19,3305.84,0,17.05,0,43200011,1,50.03
510,10/4/2022 1:54,247.04,1082.84,84.01,1,0.07,0,3.37,2938.11,0.19,17.29,0.19,3305.84,0,16.96,0,43200011,1,50.04
529,10/4/2022 1:57,246.89,1082.84,83.97,1,0.07,0,3.39,2938.11,0.2,17.23,0.2,3305.85,0,16.9,0,43200011,1,50.04
528,10/4/2022 2:00,246.75,1082.84,83.92,1,0.07,0,3.35,2938.11,0.2,17.12,0.2,3305.85,0,16.79,0,43200011,1,50.04
527,10/4/2022 2:03,245.8,1082.86,83.63,1,5.9,0,1365.89,2938.17,0.94,1450.47,0.94,3305.91,0,488.05,0,43200011,1,50
526,10/4/2022 2:06,246.84,1082.88,83.94,1,0.07,0,3.37,2938.22,0.19,17.33,0.19,3305.96,0,17,0,43200011,1,49.99
525,10/4/2022 2:09,246.59,1082.88,83.86,1,0.07,0,3.34,2938.22,0.2,17.06,0.2,3305.96,0,16.73,0,43200011,1,49.98
524,10/4/2022 2:12,246.78,1082.88,83.93,1,0.07,0,3.24,2938.22,0.19,17.42,0.19,3305.96,0,17.12,0,43200011,1,50.01
523,10/4/2022 2:15,246.72,1082.88,83.91,1,0.07,0,3.49,2938.22,0.2,17.57,0.2,3305.96,0,17.22,0,43200011,1,50.02
522,10/4/2022 2:18,246.78,1082.88,83.93,1,0.07,0,3.57,2938.22,0.2,17.57,0.2,3305.96,0,17.2,0,43200011,1,49.97
521,10/4/2022 2:21,246.89,1082.88,83.97,1,0.07,0,3.41,2938.22,0.2,17.08,0.2,3305.97,0,16.74,0,43200011,1,49.98
520,10/4/2022 2:24,247.4,1082.88,84.14,1,0.07,0,3.33,2938.22,0.19,17.47,0.19,3305.97,0,17.15,0,43200011,1,50.03
539,10/4/2022 2:27,247.23,1082.88,84.07,1,0.07,0,3.34,2938.22,0.19,17.16,0.19,3305.97,0,16.83,0,43200011,1,50.04
538,10/4/2022 2:30,247.91,1082.88,84.31,1,0.07,0,3.35,2938.22,0.2,17.16,0.2,3305.97,0,16.82,0,43200011,1,50.01
537,10/4/2022 2:33,246.51,1082.9,83.86,1,5.87,0,1365.72,2938.28,0.94,1446.62,0.94,3306.03,0,476.98,0,43200011,1,49.98
536,10/4/2022 2:36,247.39,1082.92,84.13,1,0.07,0,3.68,2938.33,0.21,17.66,0.21,3306.09,0,17.28,0,43200011,1,49.95
535,10/4/2022 2:39,247.04,1082.92,84.02,1,0.07,0,3.65,2938.33,0.2,18.28,0.2,3306.09,0,17.91,0,43200011,1,49.99
534,10/4/2022 2:42,247.39,1082.92,84.14,1,0.07,0,3.52,2938.33,0.21,17.12,0.21,3306.09,0,16.75,0,43200011,1,50
533,10/4/2022 2:45,247.63,1082.93,84.21,1,0.07,0,3.5,2938.33,0.2,17.68,0.2,3306.09,0,17.33,0,43200011,1,50.01
532,10/4/2022 2:48,247.71,1082.93,84.23,1,0.07,0,3.59,2938.33,0.21,17.34,0.21,3306.09,0,16.96,0,43200011,1,49.99
531,10/4/2022 2:51,247.38,1082.93,84.12,1,0.07,0,3.47,2938.33,0.2,17.51,0.2,3306.09,0,17.17,0,43200011,1,49.94
530,10/4/2022 2:54,247.5,1082.93,84.17,1,0.07,0,3.5,2938.33,0.2,17.28,0.2,3306.09,0,16.92,0,43200011,1,49.93
549,10/4/2022 2:57,247.48,1082.93,84.17,1,0.07,0,3.44,2938.33,0.2,16.93,0.2,3306.09,0,16.57,0,43200011,1,50
548,10/4/2022 3:00,247.88,1082.93,84.3,1,0.07,0,3.58,2938.33,0.21,17,0.21,3306.09,0,16.62,0,43200011,1,49.99
547,10/4/2022 3:03,247.71,1082.93,84.24,1,0.07,0,3.48,2938.33,0.2,17.04,0.2,3306.09,0,16.68,0,43200011,1,50
546,10/4/2022 3:06,247.7,1082.94,84.27,1,6.02,0,1408.4,2938.35,0.94,1490.26,0.94,3306.11,0,487.14,0,43200011,1,50.03
545,10/4/2022 3:09,247.12,1082.96,84.05,1,5.88,0,1372.66,2938.42,0.95,1452.27,0.95,3306.18,0,474.24,0,43200011,1,49.99
544,10/4/2022 3:12,248.46,1082.97,84.5,1,0.07,0,3.51,2938.45,0.21,17.09,0.21,3306.22,0,16.73,0,43200011,1,50
543,10/4/2022 3:15,248.35,1082.97,84.46,1,0.07,0,3.55,2938.45,0.2,17.33,0.2,3306.22,0,16.97,0,43200011,1,49.98
542,10/4/2022 3:18,248.42,1082.97,84.48,1,0.07,0,3.52,2938.45,0.2,17.24,0.2,3306.22,0,16.88,0,43200011,1,49.92
541,10/4/2022 3:21,249.1,1082.97,84.71,1,0.07,0,3.49,2938.45,0.21,16.74,0.21,3306.22,0,16.37,0,43200011,1,49.95
540,10/4/2022 3:24,248.24,1082.97,84.42,1,0.07,0,3.52,2938.45,0.21,16.73,0.21,3306.22,0,16.36,0,43200011,1,49.93
559,10/4/2022 3:27,248.21,1082.97,84.41,1,0.07,0,3.49,2938.45,0.2,17.57,0.2,3306.22,0,17.22,0,43200011,1,49.9
558,10/4/2022 3:30,248.92,1082.98,84.64,1,0.07,0,3.46,2938.45,0.21,16.88,0.21,3306.22,0,16.52,0,43200011,1,49.94
557,10/4/2022 3:33,248.3,1082.98,84.44,1,0.07,0,3.53,2938.45,0.21,17.18,0.21,3306.22,0,16.82,0,43200011,1,49.94
556,10/4/2022 3:36,247.18,1082.98,84.08,1,5.99,0,1400.05,2938.46,0.95,1481.35,0.95,3306.24,0,483.99,0,43200011,1,49.98
555,10/4/2022 3:39,247.96,1083.01,84.35,1,5.86,0,1374.94,2938.53,0.95,1452.95,0.95,3306.31,0,469.66,0,43200011,1,50.03
554,10/4/2022 3:42,249.11,1083.02,84.72,1,0.07,0,3.46,2938.56,0.2,17.29,0.2,3306.34,0,16.94,0,43200011,1,50.03
553,10/4/2022 3:45,249.03,1083.02,84.69,1,0.07,0,3.38,2938.56,0.2,17.28,0.2,3306.34,0,16.95,0,43200011,1,50.03
552,10/4/2022 3:48,0,1083.02,84.46,0.36,0,248.99,21.99,2938.56,1,61.05,0.36,3306.34,0,56.95,0.24,43200011,1,50
551,10/4/2022 3:51,0,1083.03,84.19,0.97,0,248.11,1311.17,2938.62,1,1347.54,0.97,3306.4,0,310.94,5.43,43200011,1,49.98
550,10/4/2022 3:54,0,1083.04,84.66,0.37,0,249.78,22.62,2938.65,1,61.55,0.37,3306.44,0,57.24,0.25,43200011,1,50.02
569,10/4/2022 3:57,0,1083.04,84.34,0.98,0,248.52,1409.52,2938.66,1,1442.26,0.98,3306.45,0,305.59,5.8,43200011,1,50.06
568,10/4/2022 4:00,0,1083.06,84.82,0.35,0,250.02,21.27,2938.72,1,60,0.35,3306.51,0,56.11,0.24,43200011,1,50.04
567,10/4/2022 4:03,0,1083.07,84.73,0.34,0,249.77,19.6,2938.72,1,58,0.34,3306.51,0,54.59,0.23,43200011,1,49.99
566,10/4/2022 4:06,0,1083.07,84.43,0.98,0,248.78,1365.13,2938.74,1,1399.04,0.98,3306.54,0,306.15,5.62,43200011,1,49.97
565,10/4/2022 4:09,0,1083.08,84.4,0.34,0,248.77,20.32,2938.79,1,58.96,0.34,3306.58,0,55.35,0.24,43200011,1,49.96
564,10/4/2022 4:12,0,1083.08,84.65,0.35,0,249.51,18.48,2938.79,1,53.3,0.35,3306.58,0,49.99,0.21,43200011,1,50.03
563,10/4/2022 4:15,0,1083.08,84.55,0.98,0,249.17,1360.8,2938.8,1,1394.85,0.98,3306.6,0,306.34,5.6,43200011,1,50.08
562,10/4/2022 4:18,0,1083.1,84.64,0.35,0,249.49,18.83,2938.85,1,54.44,0.35,3306.66,0,51.08,0.22,43200011,1,50.03
561,10/4/2022 4:21,0,1083.11,84.65,0.36,0,249.47,19.8,2938.86,1,54.88,0.36,3306.66,0,51.19,0.22,43200011,1,50
560,10/4/2022 4:24,0,1083.11,84.61,0.36,0,249.38,19.71,2938.86,1,54.96,0.36,3306.66,0,51.31,0.22,43200011,1,50
579,10/4/2022 4:27,0,1083.12,84.65,0.35,0,249.49,20.5,2938.92,1,57.83,0.35,3306.73,0,54.08,0.23,43200011,1,50.03
578,10/4/2022 4:30,0,1083.12,84.57,0.35,0,249.26,19.65,2938.92,1,56.28,0.35,3306.73,0,52.74,0.23,43200011,1,50.04
577,10/4/2022 4:33,0,1083.13,84.58,0.36,0,249.27,20.49,2938.92,1,57.23,0.36,3306.73,0,53.44,0.23,43200011,1,50.01
576,10/4/2022 4:36,0,1083.14,84.29,0.98,0,248.36,1335.15,2938.98,1,1368.12,0.98,3306.8,0,298.52,5.51,43200011,1,50.02
575,10/4/2022 4:39,0,1083.15,84.54,0.35,0,249.19,21.69,2938.99,1,61.4,0.35,3306.81,0,57.44,0.25,43200011,1,49.99
574,10/4/2022 4:42,0,1083.15,84.55,0.35,0,249.23,20.36,2938.99,1,57.52,0.35,3306.81,0,53.8,0.23,43200011,1,50.01
573,10/4/2022 4:45,0,1083.15,84.19,0.98,0,248.08,1340.82,2939.03,1,1373.22,0.98,3306.85,0,296.54,5.54,43200011,1,50.03
572,10/4/2022 4:48,0,1083.16,84.58,0.37,0,249.3,22.49,2939.06,1,61.58,0.37,3306.88,0,57.32,0.25,43200011,1,50.08
571,10/4/2022 4:51,0,1083.17,84.55,0.37,0,249.24,23.14,2939.06,1,62.61,0.37,3306.88,0,58.18,0.25,43200011,1,50
570,10/4/2022 4:54,0,1083.17,84.27,0.98,0,248.3,1360.29,2939.07,1,1393.31,0.98,3306.9,0,301.52,5.61,43200011,1,49.99
589,10/4/2022 4:57,0,1083.18,84.63,0.35,0,249.45,22.91,2939.13,1,64.66,0.35,3306.95,0,60.46,0.26,43200011,1,49.98
588,10/4/2022 5:00,0,1083.18,84.64,0.38,0,249.46,22.66,2939.13,1,59.6,0.38,3306.96,0,55.12,0.25,43200011,1,50.05
587,10/4/2022 5:03,0,1083.19,84.49,0.37,0,249.02,23.14,2939.13,1,62.9,0.37,3306.96,0,58.49,0.25,43200011,1,50.05
586,10/4/2022 5:06,0,1083.21,83.92,0.98,0,247.34,1331.24,2939.19,1,1362.79,0.98,3307.02,0,291.58,5.51,43200011,1,49.97
585,10/4/2022 5:09,0,1083.21,84.29,0.36,0,248.44,23.69,2939.19,1,65.24,0.36,3307.03,0,60.79,0.26,43200011,1,49.94
584,10/4/2022 5:12,0,1083.21,84.28,0.37,0,248.41,23.32,2939.2,1,63.84,0.37,3307.03,0,59.43,0.26,43200011,1,49.93
583,10/4/2022 5:15,0,1083.22,83.89,0.98,0,247.2,1340.46,2939.23,1,1371.71,0.98,3307.07,0,291.16,5.55,43200011,1,49.99
582,10/4/2022 5:18,0,1083.22,84.44,0.36,0,248.88,23.41,2939.26,1,65.6,0.36,3307.1,0,61.28,0.26,43200011,1,50.01
581,10/4/2022 5:21,0,1083.23,84.29,0.37,0,248.44,23.6,2939.26,1,64.59,0.37,3307.11,0,60.13,0.26,43200011,1,50.03
580,10/4/2022 5:24,0,1083.24,83.96,0.98,0,247.39,1354.62,2939.28,1,1385.78,0.98,3307.12,0,292.22,5.6,43200011,1,49.99
599,10/4/2022 5:27,0,1083.25,84.19,0.37,0,248.15,24.06,2939.33,1,64.82,0.37,3307.18,0,60.19,0.26,43200011,1,50
598,10/4/2022 5:30,0,1083.25,84.15,0.37,0,248.22,23.77,2939.33,1,64.14,0.37,3307.18,0,59.57,0.26,43200011,1,50.03
597,10/4/2022 5:33,0,1083.26,84.03,0.37,0,247.67,23.74,2939.33,1,63.5,0.37,3307.18,0,58.9,0.26,43200011,1,50.06
596,10/4/2022 5:36,0,1083.27,83.73,0.98,0,246.71,1321.56,2939.39,1,1351.08,0.98,3307.24,0,280.9,5.48,43200011,1,50.04
595,10/4/2022 5:39,0,1083.27,83.74,0.37,0,246.77,23.24,2939.4,1,63.67,0.37,3307.25,0,59.27,0.26,43200011,1,49.99
594,10/4/2022 5:42,0,1083.27,84.07,0.36,0,247.78,22.06,2939.4,1,61.75,0.36,3307.25,0,57.67,0.25,43200011,1,49.99
593,10/4/2022 5:45,0,1083.28,83.54,0.98,0,246.11,1347.5,2939.41,1,1375.56,0.98,3307.27,0,276.43,5.59,43200011,1,50.07
592,10/4/2022 5:48,0,1083.3,83.78,0.37,0,246.9,22.63,2939.46,1,61.87,0.37,3307.32,0,57.59,0.25,43200011,1,50.05
591,10/4/2022 5:51,0,1083.3,83.83,0.36,0,247.06,22.16,2939.47,1,61.02,0.36,3307.33,0,56.86,0.25,43200011,1,50.01
590,10/4/2022 5:54,0,1083.3,83.98,0.36,0,247.54,21.52,2939.47,1,59.61,0.36,3307.33,0,55.59,0.24,43200011,1,50.03
609,10/4/2022 5:57,0,1083.3,83.49,0.98,0,246.03,1326.91,2939.5,1,1355.28,0.98,3307.37,0,275.86,5.51,43200011,1,50.03
608,10/4/2022 6:00,0,1083.31,83.97,0.35,0,247.53,20.02,2939.53,1,57.53,0.35,3307.4,0,53.93,0.23,43200011,1,50.08
607,10/4/2022 6:03,0,1083.32,83.9,0.35,0,247.27,19.8,2939.53,1,56.03,0.35,3307.4,0,52.42,0.23,43200011,1,50.14
606,10/4/2022 6:06,0,1083.32,83.58,0.98,0,246.26,1352.97,2939.55,1,1381.03,0.98,3307.42,0,276.95,5.61,43200011,1,50.08
605,10/4/2022 6:09,0,1083.33,83.88,0.35,0,247.22,19.18,2939.6,1,55.18,0.35,3307.47,0,51.74,0.22,43200011,1,50.01
604,10/4/2022 6:12,0,1083.33,83.56,0.35,0,246.28,19.66,2939.6,1,56.1,0.35,3307.48,0,52.54,0.23,43200011,1,50.01
603,10/4/2022 6:15,0,1083.34,83.56,0.35,0,246.24,18.65,2939.6,1,53.04,0.35,3307.48,0,49.65,0.21,43200011,1,49.99
602,10/4/2022 6:18,0,1083.35,82.83,0.98,0,244.02,1320.42,2939.64,1,1345.92,0.98,3307.52,0,260.72,5.52,43200011,1,50.02
601,10/4/2022 6:21,0,1083.36,83.1,0.35,0,244.91,19.26,2939.67,1,55.79,0.35,3307.55,0,52.36,0.23,43200011,1,50.02
600,10/4/2022 6:24,0,1083.36,83.06,0.35,0,244.81,20.06,2939.67,1,57.38,0.35,3307.55,0,53.76,0.23,43200011,1,49.99
619,10/4/2022 6:27,0,1083.36,82.91,0.36,0,244.34,20.53,2939.67,1,57.62,0.36,3307.55,0,53.83,0.24,43200011,1,49.95
618,10/4/2022 6:30,0,1083.37,82.89,0.98,0,244.24,1299.19,2939.73,1,1324.95,0.98,3307.61,0,260.01,5.42,43200011,1,49.99
617,10/4/2022 6:33,0,1083.38,82.99,0.35,0,244.58,20.06,2939.74,1,57.38,0.35,3307.62,0,53.76,0.23,43200011,1,50.05
616,10/4/2022 6:36,0,1083.38,82.86,0.36,0,244.23,22.24,2939.74,1,61.11,0.36,3307.63,0,56.91,0.25,43200011,1,50.03
615,10/4/2022 6:39,0,1083.38,82.33,0.98,0,242.6,1345.93,2939.75,1,1369.82,0.98,3307.64,0,254.68,5.65,43200011,1,50.02
614,10/4/2022 6:42,0,1083.39,82.62,0.36,0,243.52,23.03,2939.8,1,64.29,0.36,3307.69,0,60.02,0.26,43200011,1,50
613,10/4/2022 6:45,0,1083.4,82.28,0.36,0,242.49,21.42,2939.8,1,60.09,0.36,3307.7,0,56.14,0.25,43200011,1,49.99
612,10/4/2022 6:48,0,1083.4,82.86,0.36,0,244.19,23.07,2939.8,1,63.44,0.36,3307.7,0,59.1,0.26,43200011,1,50.03
611,10/4/2022 6:51,0,1083.41,82.64,0.98,0,243.46,1303.91,2939.86,1,1328.85,0.98,3307.76,0,256.24,5.46,43200011,1,50.04
610,10/4/2022 6:54,0,1083.41,82.87,0.35,0,244.24,23.23,2939.87,1,65.8,0.35,3307.77,0,61.56,0.27,43200011,1,50
629,10/4/2022 6:57,0,1083.41,83.29,0.36,0,245.45,22.9,2939.87,1,63.28,0.36,3307.77,0,58.99,0.26,43200011,1,50.07
628,10/4/2022 7:00,0,1083.43,82.78,0.98,0,243.9,1368.97,2939.88,1,1393.55,0.98,3307.79,0,260.58,5.71,43200011,1,50.08
627,10/4/2022 7:03,0,1083.44,83.09,0.37,0,244.9,24.57,2939.94,1,65.58,0.37,3307.84,0,60.81,0.27,43200011,1,50.08
626,10/4/2022 7:06,0,1083.44,82.7,0.37,0,243.72,24.95,2939.94,1,67.66,0.37,3307.84,0,62.89,0.28,43200011,1,50.05
625,10/4/2022 7:09,0,1083.44,82.42,0.37,0,242.91,24.52,2939.94,1,66.8,0.37,3307.85,0,62.14,0.28,43200011,1,50.02
624,10/4/2022 7:12,0,1083.44,82.12,0.98,0,241.96,1325.75,2939.97,1,1348.93,0.98,3307.88,0,249.01,5.58,43200011,1,49.99
623,10/4/2022 7:15,0,1083.46,82.58,0.37,0,243.37,24.4,2940,1,66.73,0.37,3307.92,0,62.11,0.27,43200011,1,50.04
622,10/4/2022 7:18,0,1083.46,82.33,0.37,0,242.61,24.63,2940,1,66.81,0.37,3307.92,0,62.11,0.28,43200011,1,50.08
621,10/4/2022 7:21,0,1083.46,82.08,0.37,0,241.89,24.44,2940.01,1,66.42,0.37,3307.92,0,61.76,0.28,43200011,1,50.06
620,10/4/2022 7:24,0,1083.47,81.82,0.98,0,241.03,1302.36,2940.06,1,1324.94,0.98,3307.98,0,243.59,5.5,43200011,1,50.06
639,10/4/2022 7:27,0,1083.47,82.2,0.36,0,242.3,24.18,2940.07,1,66.83,0.36,3307.99,0,62.3,0.28,43200011,1,50.03
638,10/4/2022 7:30,0,1083.48,82.2,0.36,0,242.25,23.33,2940.07,1,64.49,0.36,3307.99,0,60.12,0.27,43200011,1,50.02
637,10/4/2022 7:33,0,1083.49,81.11,0.98,0,238.92,1323.88,2940.1,1,1345.6,0.98,3308.03,0,240.78,5.63,43200011,1,50.01
636,10/4/2022 7:36,0,1083.49,81.82,0.35,0,241.11,23.03,2940.14,1,65.44,0.35,3308.06,0,61.25,0.27,43200011,1,50.05
635,10/4/2022 7:39,0,1083.49,81.5,0.35,0,240.19,22.27,2940.14,1,63.75,0.35,3308.07,0,59.73,0.27,43200011,1,50.01
634,10/4/2022 7:42,0,1083.51,81.39,0.98,0,239.78,1388.79,2940.15,1,1412.02,0.98,3308.08,0,255.06,5.89,43200011,1,50.02
633,10/4/2022 7:45,0,1083.52,81.78,0.34,0,240.99,21.62,2940.2,1,63.62,0.34,3308.14,0,59.83,0.26,43200011,1,50
632,10/4/2022 7:48,0,1083.52,81.54,0.34,0,240.32,21.14,2940.2,1,62.24,0.34,3308.14,0,58.54,0.26,43200011,1,50.02
631,10/4/2022 7:51,0,1083.52,81.67,0.34,0,240.67,20.65,2940.21,1,61.37,0.34,3308.14,0,57.79,0.26,43200011,1,50.02
630,10/4/2022 7:54,0,1083.52,81.13,0.98,0,238.99,1310.06,2940.24,1,1332.56,0.98,3308.17,0,243.84,5.58,43200011,1,50.02
649,10/4/2022 7:57,0,1083.54,81.42,0.34,0,239.9,20.26,2940.27,1,60.36,0.34,3308.21,0,56.86,0.25,43200011,1,50.03
648,10/4/2022 8:00,0,1083.54,81.38,0.31,0,239.81,18.51,2940.27,1,58.99,0.31,3308.21,0,56.02,0.25,43200011,1,50.08
647,10/4/2022 8:03,0,1083.54,81.23,0.98,0,239.26,1411.67,2940.28,1,1435.23,0.98,3308.23,0,258.98,6,43200011,1,50.03
646,10/4/2022 8:06,0,1083.55,81.43,0.33,0,239.96,19.22,2940.34,1,57.38,0.33,3308.28,0,54.06,0.24,43200011,1,49.97
645,10/4/2022 8:09,0,1083.56,80.79,0.33,0,238.07,19.28,2940.34,1,58.28,0.33,3308.29,0,55,0.24,43200011,1,49.91
644,10/4/2022 8:12,0,1083.56,80.71,0.33,0,237.85,19.16,2940.34,1,57.75,0.33,3308.29,0,54.48,0.24,43200011,1,49.96
643,10/4/2022 8:15,0,1083.57,80.18,0.98,0,236.23,1300.94,2940.39,1,1323.17,0.98,3308.34,0,241.55,5.6,43200011,1,50
642,10/4/2022 8:18,0,1083.57,80.23,0.35,0,236.39,20.39,2940.41,1,58.81,0.35,3308.36,0,55.17,0.25,43200011,1,49.97
641,10/4/2022 8:21,0,1083.57,80.73,0.35,0,237.9,21.22,2940.41,1,60.33,0.35,3308.36,0,56.47,0.25,43200011,1,50.03
640,10/4/2022 8:24,0,1083.59,79.9,0.98,0,235.32,1310.94,2940.44,1,1333.09,0.98,3308.39,0,242.01,5.67,43200011,1,50.01
659,10/4/2022 8:27,0,1083.6,80.5,0.34,0,237.19,21.3,2940.47,1,62.86,0.34,3308.43,0,59.14,0.27,43200011,1,50.04
658,10/4/2022 8:30,0,1083.6,80.37,0.34,0,236.8,21.35,2940.47,1,63.08,0.34,3308.43,0,59.36,0.27,43200011,1,49.99
657,10/4/2022 8:33,0,1083.6,80.7,0.98,0,237.85,1431.86,2940.48,1,1454.6,0.98,3308.44,0,256.18,6.12,43200011,1,49.93
656,10/4/2022 8:36,0,1083.61,80.95,0.35,0,238.55,22.12,2940.54,1,63.65,0.35,3308.5,0,59.68,0.27,43200011,1,49.9
655,10/4/2022 8:39,0,1083.62,80.92,0.35,0,238.46,22.92,2940.54,1,64.81,0.35,3308.51,0,60.63,0.27,43200011,1,49.9
654,10/4/2022 8:42,0,1083.62,80.63,0.35,0,237.74,22.77,2940.54,1,65.47,0.35,3308.51,0,61.39,0.28,43200011,1,49.91
653,10/4/2022 8:45,0,1083.63,80.75,0.98,0,237.89,1327.11,2940.59,1,1351.36,0.98,3308.56,0,254.85,5.68,43200011,1,49.97
652,10/4/2022 8:48,0,1083.63,80.89,0.35,0,238.35,23.6,2940.61,1,67.69,0.35,3308.58,0,63.44,0.28,43200011,1,50.03
651,10/4/2022 8:51,0,1083.64,80.59,0.35,0,237.44,24.42,2940.61,1,69.81,0.35,3308.58,0,65.4,0.29,43200011,1,50.03
650,10/4/2022 8:54,0,1083.64,80.31,0.98,0,236.55,1452.5,2940.62,1,1474.98,0.98,3308.59,0,256.53,6.24,43200011,1,50.03
669,10/4/2022 8:57,0,1083.65,80.79,0.34,0,238.06,24.4,2940.68,1,71.99,0.34,3308.65,0,67.73,0.3,43200011,1,50.03
668,10/4/2022 9:00,0,1083.65,80.44,0.34,0,237.08,24.21,2940.68,1,70.89,0.34,3308.66,0,66.63,0.3,43200011,1,50.02
667,10/4/2022 9:03,0,1083.66,80.34,0.34,0,236.76,24.66,2940.68,1,72.31,0.34,3308.66,0,67.97,0.3,43200011,1,49.92
666,10/4/2022 9:06,0,1083.67,80.54,0.98,0,237.3,1352.92,2940.73,1,1378.33,0.98,3308.71,0,263.48,5.81,43200011,1,49.83
665,10/4/2022 9:09,0,1083.68,80.86,0.34,0,238.26,24.88,2940.75,1,73.15,0.34,3308.73,0,68.78,0.31,43200011,1,49.89
664,10/4/2022 9:12,0,1083.68,80.79,0.35,0,238.14,24.34,2940.75,1,69.82,0.35,3308.73,0,65.44,0.29,43200011,1,49.9
663,10/4/2022 9:15,0,1083.68,80.08,0.98,0,235.86,1430.46,2940.75,1,1452.38,0.98,3308.74,0,251.4,6.16,43200011,1,49.91
662,10/4/2022 9:18,0,1083.7,80.32,0.35,0,236.64,24.5,2940.81,1,70.42,0.35,3308.81,0,66.02,0.3,43200011,1,49.87
661,10/4/2022 9:21,0,1083.7,80.29,0.35,0,236.63,24.35,2940.82,1,69.9,0.35,3308.81,0,65.52,0.29,43200011,1,49.86
660,10/4/2022 9:24,0,1083.7,80.36,0.35,0,236.76,23.71,2940.82,1,68.23,0.35,3308.81,0,63.98,0.29,43200011,1,49.86
679,10/4/2022 9:27,0,1083.71,79.96,0.98,0,235.54,1357.25,2940.87,1,1381.54,0.98,3308.86,0,257.89,5.87,43200011,1,49.87
678,10/4/2022 9:30,0,1083.71,81.09,0.34,0,238.95,22.9,2940.88,1,67.77,0.34,3308.88,0,63.78,0.28,43200011,1,49.83
677,10/4/2022 9:33,0,1083.72,80.98,0.34,0,238.62,23.48,2940.89,1,68.58,0.34,3308.89,0,64.43,0.29,43200011,1,49.89
676,10/4/2022 9:36,0,1083.73,80.43,0.98,0,236.89,1348.64,2940.91,1,1373.49,0.98,3308.92,0,260.06,5.8,43200011,1,49.88
675,10/4/2022 9:39,0,1083.73,80.5,0.34,0,237.16,22.38,2940.95,1,65.12,0.34,3308.96,0,61.16,0.28,43200011,1,49.94
674,10/4/2022 9:42,0,1083.73,80.45,0.33,0,237.12,21.59,2940.95,1,64.5,0.33,3308.96,0,60.78,0.27,43200011,1,50
673,10/4/2022 9:45,0,1083.75,80.14,0.99,0,236.11,1416.84,2940.96,1,1438.38,0.99,3308.97,0,248.03,6.09,43200011,1,50.03
672,10/4/2022 9:48,0,1083.76,80.77,0.33,0,237.95,21.58,2941.02,1,64.58,0.33,3309.03,0,60.87,0.27,43200011,1,50.01
671,10/4/2022 9:51,0,1083.76,80.99,0.32,0,238.69,19.06,2941.02,1,58.72,0.32,3309.04,0,55.54,0.25,43200011,1,50.01
670,10/4/2022 9:54,0,1083.76,80.62,0.33,0,237.56,20.2,2941.03,1,60.44,0.33,3309.04,0,56.96,0.25,43200011,1,49.99
689,10/4/2022 9:57,237.53,1083.77,80.8,1,0.08,0,3.71,2941.03,0.21,17.96,0.21,3309.05,0,17.57,0,43200011,1,50.03
688,10/4/2022 10:00,239.07,1083.77,81.33,1,0.08,0,3.71,2941.04,0.19,19.08,0.19,3309.05,0,18.71,0,43200011,1,50.07
687,10/4/2022 10:03,239.07,1083.77,81.33,1,0.08,0,3.76,2941.04,0.2,18.55,0.2,3309.05,0,18.17,0,43200011,1,50.08
686,10/4/2022 10:06,238.41,1083.77,81.09,1,0.08,0,3.64,2941.04,0.2,18.21,0.2,3309.05,0,17.85,0,43200011,1,50.05
685,10/4/2022 10:09,237.84,1083.77,80.9,1,0.08,0,3.8,2941.04,0.2,18.6,0.2,3309.06,0,18.21,0,43200011,1,49.99
684,10/4/2022 10:12,236.48,1083.77,80.44,1,0.08,0,3.65,2941.04,0.2,18.35,0.2,3309.06,0,17.98,0,43200011,1,50.02
683,10/4/2022 10:15,237.64,1083.77,80.82,1,0.08,0,3.59,2941.04,0.19,18.63,0.19,3309.06,0,18.28,0,43200011,1,50.03
682,10/4/2022 10:18,236.94,1083.77,80.61,1,0.07,0,3.56,2941.04,0.2,17.87,0.2,3309.06,0,17.51,0,43200011,1,50.03
681,10/4/2022 10:21,238.64,1083.77,81.17,1,0.08,0,3.55,2941.04,0.19,18.47,0.19,3309.06,0,18.13,0,43200011,1,50.03
680,10/4/2022 10:24,237.4,1083.77,80.76,1,0.08,0,3.64,2941.04,0.19,18.71,0.19,3309.06,0,18.35,0,43200011,1,50.02
699,10/4/2022 10:27,236.14,1083.79,80.36,1,6.22,0,1347.32,2941.07,0.92,1468.32,0.92,3309.1,0,583.67,0,43200011,1,49.99
698,10/4/2022 10:30,239.91,1083.82,81.61,1,0.25,0,22.61,2941.13,0.37,60.99,0.37,3309.16,0,56.64,0,43200011,1,49.99
697,10/4/2022 10:33,238.72,1083.82,81.2,1,0.08,0,3.52,2941.13,0.19,18.48,0.19,3309.17,0,18.14,0,43200011,1,50.04
696,10/4/2022 10:36,237.73,1083.82,80.86,1,0.08,0,3.49,2941.13,0.19,18.26,0.19,3309.17,0,17.92,0,43200011,1,50.06
695,10/4/2022 10:39,238.79,1083.82,81.22,1,0.08,0,3.45,2941.13,0.19,18.39,0.19,3309.17,0,18.06,0,43200011,1,50.04
694,10/4/2022 10:42,238.27,1083.82,81.04,1,0.07,0,3.42,2941.13,0.19,17.68,0.19,3309.17,0,17.35,0,43200011,1,50.04
693,10/4/2022 10:45,237.6,1083.82,80.82,1,0.08,0,3.44,2941.13,0.19,18.25,0.19,3309.17,0,17.92,0,43200011,1,50.03
692,10/4/2022 10:48,238.35,1083.82,81.09,1,0.07,0,3.33,2941.13,0.19,17.78,0.19,3309.17,0,17.47,0,43200011,1,50.02
691,10/4/2022 10:51,238.97,1083.82,81.3,1,0.08,0,3.41,2941.13,0.19,18.07,0.19,3309.17,0,17.74,0,43200011,1,50.03
690,10/4/2022 10:54,239.24,1083.82,81.38,1,0.07,0,3.34,2941.13,0.19,17.94,0.19,3309.17,0,17.63,0,43200011,1,50.05
709,10/4/2022 10:57,237.98,1083.82,80.96,1,0.07,0,3.41,2941.13,0.19,17.61,0.19,3309.17,0,17.28,0,43200011,1,50.04
708,10/4/2022 11:00,238.72,1083.82,81.2,1,0.08,0,3.38,2941.13,0.19,18.04,0.19,3309.17,0,17.72,0,43200011,1,50.04
707,10/4/2022 11:03,236.34,1083.85,80.41,1,6.46,0,1407.14,2941.19,0.92,1526.71,0.92,3309.24,0,592.28,0,43200011,1,50.01
706,10/4/2022 11:06,237.98,1083.87,80.95,1,0.08,0,3.4,2941.24,0.19,17.99,0.19,3309.29,0,17.67,0,43200011,1,49.99
705,10/4/2022 11:09,238.32,1083.87,81.07,1,0.07,0,3.37,2941.24,0.19,17.4,0.19,3309.29,0,17.07,0,43200011,1,49.99
704,10/4/2022 11:12,239.21,1083.87,81.37,1,0.07,0,3.39,2941.24,0.2,17.08,0.2,3309.29,0,16.74,0,43200011,1,50.06
703,10/4/2022 11:15,238.48,1083.87,81.14,1,0.07,0,3.43,2941.24,0.19,17.7,0.19,3309.29,0,17.36,0,43200011,1,50.03
702,10/4/2022 11:18,239.48,1083.87,81.46,1,0.07,0,3.4,2941.24,0.19,17.58,0.19,3309.29,0,17.25,0,43200011,1,50.05
701,10/4/2022 11:21,240.8,1083.87,81.92,1,0.08,0,3.46,2941.24,0.19,18.2,0.19,3309.29,0,17.87,0,43200011,1,50.09
700,10/4/2022 11:24,240.68,1083.87,81.86,1,0.07,0,3.39,2941.24,0.19,17.67,0.19,3309.29,0,17.34,0,43200011,1,50.08
719,10/4/2022 11:27,240.33,1083.88,81.75,1,0.07,0,3.32,2941.24,0.19,17.3,0.19,3309.3,0,16.98,0,43200011,1,50.03
718,10/4/2022 11:30,239.56,1083.88,81.49,1,0.07,0,3.34,2941.24,0.19,17.58,0.19,3309.3,0,17.26,0,43200011,1,50.01
717,10/4/2022 11:33,239.99,1083.88,81.63,1,0.07,0,3.43,2941.24,0.2,17.47,0.2,3309.3,0,17.13,0,43200011,1,50.02
716,10/4/2022 11:36,238.83,1083.88,81.28,1,7.05,0,1569.13,2941.25,0.93,1683.61,0.93,3309.31,0,610.22,0,43200011,1,49.99
715,10/4/2022 11:39,236.8,1083.91,80.58,1,6.66,0,1460.06,2941.32,0.93,1577.7,0.93,3309.39,0,597.81,0,43200011,1,50.01
714,10/4/2022 11:42,239.62,1083.93,81.51,1,0.08,0,3.4,2941.36,0.19,18.21,0.19,3309.43,0,17.89,0,43200011,1,50.03
713,10/4/2022 11:45,239.16,1083.93,81.36,1,0.07,0,3.32,2941.36,0.19,17.6,0.19,3309.43,0,17.29,0,43200011,1,50.04
712,10/4/2022 11:48,238.67,1083.93,81.18,1,0.07,0,3.24,2941.36,0.19,17.42,0.19,3309.43,0,17.12,0,43200011,1,49.99
711,10/4/2022 11:51,239.21,1083.93,81.37,1,0.07,0,3.33,2941.36,0.19,17.61,0.19,3309.43,0,17.29,0,43200011,1,50.03
710,10/4/2022 11:54,239.73,1083.93,81.55,1,0.07,0,3.27,2941.36,0.19,17.4,0.19,3309.43,0,17.09,0,43200011,1,50.03
729,10/4/2022 11:57,240.33,1083.93,81.75,1,0.07,0,3.24,2941.36,0.18,17.64,0.18,3309.43,0,17.34,0,43200011,1,50.08
728,10/4/2022 12:00,241.38,1083.93,82.11,1,0.08,0,3.22,2941.36,0.17,18.68,0.17,3309.43,0,18.4,0,43200011,1,50.11
727,10/4/2022 12:03,241.74,1083.93,82.23,1,0.07,0,3.29,2941.36,0.18,18.03,0.18,3309.43,0,17.73,0,43200011,1,50.13
726,10/4/2022 12:06,242.34,1083.93,82.43,1,0.07,0,3.26,2941.36,0.18,17.98,0.18,3309.43,0,17.68,0,43200011,1,50.07
725,10/4/2022 12:09,242.35,1083.94,82.44,1,0.07,0,3.22,2941.36,0.18,17.98,0.18,3309.44,0,17.69,0,43200011,1,50.02
724,10/4/2022 12:12,240.66,1083.95,81.89,1,6.63,0,1488.29,2941.4,0.93,1596.25,0.93,3309.47,0,577.07,0,43200011,1,50.02
723,10/4/2022 12:15,241.13,1083.98,82.06,1,6.55,0,1475.67,2941.47,0.93,1580.61,0.93,3309.55,0,566.31,0,43200011,1,49.99
722,10/4/2022 12:18,242.72,1083.98,82.56,1,0.07,0,3.17,2941.48,0.18,18.01,0.18,3309.57,0,17.73,0,43200011,1,50.01
721,10/4/2022 12:21,242.78,1083.98,82.58,1,0.07,0,3.18,2941.48,0.18,17.33,0.18,3309.57,0,17.04,0,43200011,1,49.99
720,10/4/2022 12:24,242.48,1083.99,82.47,1,0.07,0,3.21,2941.48,0.19,17.02,0.19,3309.57,0,16.72,0,43200011,1,49.98
739,10/4/2022 12:27,243.52,1083.99,82.83,1,0.07,0,3.32,2941.48,0.19,17.44,0.19,3309.57,0,17.12,0,43200011,1,50.03
738,10/4/2022 12:30,244.26,1083.99,83.08,1,0.07,0,3.21,2941.48,0.19,17.1,0.19,3309.57,0,16.79,0,43200011,1,50.03
737,10/4/2022 12:33,243.52,1083.99,82.83,1,0.07,0,3.21,2941.48,0.19,16.9,0.19,3309.57,0,16.59,0,43200011,1,50.03
736,10/4/2022 12:36,244.38,1083.99,83.11,1,0.07,0,3.12,2941.48,0.18,17.4,0.18,3309.57,0,17.12,0,43200011,1,49.96
735,10/4/2022 12:39,244.42,1083.99,83.14,1,0.07,0,3.25,2941.49,0.19,16.96,0.19,3309.57,0,16.65,0,43200011,1,49.99
734,10/4/2022 12:42,244.39,1083.99,83.14,1,0.07,0,3.32,2941.49,0.19,17.3,0.19,3309.57,0,16.98,0,43200011,1,49.99
733,10/4/2022 12:45,243.51,1083.99,82.81,1,0.07,0,3.29,2941.49,0.19,17.09,0.19,3309.58,0,16.78,0,43200011,1,49.98
732,10/4/2022 12:48,242.28,1084.01,82.45,1,6.72,0,1521.55,2941.55,0.94,1627.25,0.94,3309.64,0,576.91,0,43200011,1,50.03
731,10/4/2022 12:51,243.52,1084.04,82.83,1,0.07,0,3.41,2941.61,0.19,18.17,0.19,3309.71,0,17.84,0,43200011,1,49.97
730,10/4/2022 12:54,243.34,1084.04,82.77,1,0.08,0,3.58,2941.61,0.19,18.49,0.19,3309.71,0,18.14,0,43200011,1,49.98
749,10/4/2022 12:57,245,1084.04,83.34,1,0.07,0,3.39,2941.61,0.19,17.64,0.19,3309.71,0,17.31,0,43200011,1,50.03
748,10/4/2022 13:00,244.92,1084.04,83.31,1,0.07,0,3.41,2941.61,0.2,17.34,0.2,3309.71,0,17,0,43200011,1,50.06
747,10/4/2022 13:03,241.94,1084.04,82.29,1,0.07,0,3.38,2941.61,0.2,16.65,0.2,3309.71,0,16.3,0,43200011,1,50.06
746,10/4/2022 13:06,241.13,1084.04,82.01,1,0.07,0,3.55,2941.61,0.2,17.99,0.2,3309.71,0,17.63,0,43200011,1,49.99
745,10/4/2022 13:09,242.19,1084.04,82.38,1,0.07,0,3.56,2941.61,0.21,17.29,0.21,3309.71,0,16.92,0,43200011,1,49.99
744,10/4/2022 13:12,241.86,1084.04,82.27,1,0.07,0,3.3,2941.61,0.18,17.95,0.18,3309.71,0,17.64,0,43200011,1,49.97
743,10/4/2022 13:15,242.01,1084.05,82.31,1,0.07,0,3.42,2941.61,0.2,17.09,0.2,3309.71,0,16.74,0,43200011,1,50.01
742,10/4/2022 13:18,240.86,1084.07,81.96,1,6.76,0,1519.92,2941.67,0.93,1627.49,0.93,3309.78,0,581.86,0,43200011,1,50.02
741,10/4/2022 13:21,241.85,1084.09,82.25,1,0.08,0,3.36,2941.73,0.18,18.48,0.18,3309.85,0,18.17,0,43200011,1,50.01
740,10/4/2022 13:24,243.02,1084.09,82.66,1,0.07,0,3.34,2941.73,0.19,17.98,0.19,3309.85,0,17.67,0,43200011,1,50.03
759,10/4/2022 13:27,242.24,1084.09,82.38,1,0.07,0,3.37,2941.73,0.2,16.81,0.2,3309.85,0,16.47,0,43200011,1,50.03
758,10/4/2022 13:30,243.76,1084.1,82.92,1,0.07,0,3.27,2941.73,0.19,17.4,0.19,3309.85,0,17.1,0,43200011,1,50.03
757,10/4/2022 13:33,242.78,1084.1,82.58,1,0.07,0,3.25,2941.73,0.19,17.38,0.19,3309.85,0,17.08,0,43200011,1,50.05
756,10/4/2022 13:36,239.73,1084.1,81.52,1,0.07,0,3.3,2941.73,0.19,17.12,0.19,3309.85,0,16.8,0,43200011,1,50
755,10/4/2022 13:39,239.7,1084.1,81.53,1,0.07,0,3.26,2941.73,0.19,16.92,0.19,3309.85,0,16.61,0,43200011,1,49.94
754,10/4/2022 13:42,239.95,1084.1,81.61,1,0.07,0,3.28,2941.73,0.19,17.13,0.19,3309.85,0,16.81,0,43200011,1,50.02
753,10/4/2022 13:45,239.48,1084.1,81.45,1,0.07,0,3.17,2941.73,0.19,16.91,0.19,3309.85,0,16.61,0,43200011,1,50.04
752,10/4/2022 13:49,236.63,1084.13,80.52,1,6.75,0,1482.1,2941.82,0.93,1597.63,0.93,3309.95,0,596.51,0,43200011,1,50
751,10/4/2022 13:51,237.48,1084.15,80.77,1,0.08,0,3.6,2941.85,0.2,17.95,0.2,3309.98,0,17.59,0,43200011,1,49.98
750,10/4/2022 13:54,238.17,1084.15,81.02,1,0.07,0,3.41,2941.85,0.19,17.62,0.19,3309.98,0,17.29,0,43200011,1,50.02
769,10/4/2022 13:57,239.71,1084.15,81.54,1,0.07,0,3.46,2941.85,0.2,16.92,0.2,3309.98,0,16.57,0,43200011,1,50.03
768,10/4/2022 14:00,238.5,1084.15,81.12,1,0.07,0,3.47,2941.85,0.2,17.17,0.2,3309.98,0,16.82,0,43200011,1,50.04
767,10/4/2022 14:03,238.59,1084.15,81.16,1,0.07,0,3.48,2941.85,0.2,17.18,0.2,3309.98,0,16.82,0,43200011,1,50.04
766,10/4/2022 14:06,237.82,1084.15,80.89,1,0.07,0,3.36,2941.85,0.2,16.93,0.2,3309.98,0,16.6,0,43200011,1,49.99
765,10/4/2022 14:09,236.35,1084.15,80.39,1,0.07,0,3.42,2941.85,0.2,16.88,0.2,3309.98,0,16.53,0,43200011,1,49.98
764,10/4/2022 14:12,238.91,1084.15,81.26,1,0.07,0,3.41,2941.85,0.2,16.77,0.2,3309.98,0,16.42,0,43200011,1,49.95
763,10/4/2022 14:15,239.04,1084.15,81.31,1,0.07,0,3.39,2941.85,0.2,16.73,0.2,3309.98,0,16.39,0,43200011,1,49.91
762,10/4/2022 14:18,236.29,1084.18,80.39,1,6.83,0,1498.82,2941.91,0.93,1614.43,0.93,3310.05,0,599.93,0,43200011,1,49.93
761,10/4/2022 14:21,238.03,1084.2,80.97,1,0.07,0,3.48,2941.97,0.2,17.8,0.2,3310.12,0,17.46,0,43200011,1,49.93
760,10/4/2022 14:24,237.26,1084.2,80.7,1,0.08,0,3.6,2941.97,0.19,18.46,0.19,3310.12,0,18.1,0,43200011,1,49.98
773,10/4/2022 14:27,237.7,1084.2,80.86,1,0.07,0,3.45,2941.97,0.2,17.35,0.2,3310.12,0,17.01,0,43200011,1,49.94
772,10/4/2022 14:30,238.33,1084.2,81.06,1,0.07,0,3.42,2941.97,0.2,17.3,0.2,3310.12,0,16.96,0,43200011,1,50.03
771,10/4/2022 14:33,237.73,1084.21,80.86,1,0.07,0,3.36,2941.97,0.2,17.16,0.2,3310.12,0,16.83,0,43200011,1,50.05
770,10/4/2022 14:36,237.97,1084.21,80.94,1,0.07,0,3.32,2941.97,0.19,17.13,0.19,3310.12,0,16.81,0,43200011,1,49.97
