,r_phase_pf,total_reactive_power,total_active_power,y_phase_pf,r_phase_current,total_real_energy,total_reactive_energy,total_apparent_power,frequency,b_phase_voltage,r_phase_voltage,total_pf,y_phase_current,timestamp,total_apparent_energy,serial_no,b_phase_current,b_phase_pf,y_phase_voltage
4,0.22,50.53,11.49,1.0,0.21,58.25,20.4,51.82,49.99,0.0,243.99,1.0,0.0,2022-10-03 01:44:10,63.16,16220209,0.0,1.0,0.0
3,0.22,50.51,11.34,1.0,0.21,58.25,20.4,51.77,49.99,0.0,244.18,1.0,0.0,2022-10-03 01:45:10,63.16,16220209,0.0,1.0,0.0
2,0.99,131.62,790.99,1.0,3.32,58.27,20.4,801.86,49.99,0.0,241.7,0.99,0.0,2022-10-03 01:48:10,63.18,16220209,0.0,1.0,0.0
1,0.99,135.15,789.82,1.0,3.3,58.31,20.41,801.3,50.04,0.0,242.67,0.99,0.0,2022-10-03 01:51:10,63.22,16220209,0.0,1.0,0.0
0,0.16,45.86,7.61,1.0,0.19,58.33,20.41,46.49,50.02,0.0,239.64,1.0,0.0,2022-10-03 01:54:10,63.25,16220209,0.0,1.0,0.0
14,0.16,45.69,7.57,1.0,0.19,58.33,20.41,46.31,49.99,0.0,240.2,1.0,0.0,2022-10-03 01:57:10,63.25,16220209,0.0,1.0,0.0
13,0.97,135.2,534.94,1.0,2.31,58.34,20.42,551.76,49.99,0.0,238.61,0.97,0.0,2022-10-03 02:00:10,63.26,16220209,0.0,1.0,0.0
12,0.98,131.77,735.33,1.0,3.12,58.38,20.42,747.04,50.02,0.0,239.13,0.98,0.0,2022-10-03 02:03:10,63.3,16220209,0.0,1.0,0.0
11,0.98,133.85,624.36,1.0,2.67,58.42,20.43,638.54,50.0,0.0,238.94,0.98,0.0,2022-10-03 02:06:10,63.34,16220209,0.0,1.0,0.0
10,0.17,45.99,7.84,1.0,0.19,58.44,20.43,46.65,49.96,0.0,239.97,1.0,0.0,2022-10-03 02:09:10,63.36,16220209,0.0,1.0,0.0
9,0.16,46.11,7.48,1.0,0.19,58.44,20.44,46.71,49.99,0.0,240.79,1.0,0.0,2022-10-03 02:12:10,63.36,16220209,0.0,1.0,0.0
8,0.97,136.03,521.99,1.0,2.25,58.44,20.44,539.42,50.04,0.0,239.53,0.97,0.0,2022-10-03 02:15:10,63.37,16220209,0.0,1.0,0.0
7,0.98,130.87,724.7,1.0,3.08,58.48,20.44,736.42,50.01,0.0,239.47,0.98,0.0,2022-10-03 02:18:10,63.41,16220209,0.0,1.0,0.0
6,0.98,134.89,615.39,1.0,2.63,58.52,20.45,630.0,50.0,0.0,239.69,0.98,0.0,2022-10-03 02:21:10,63.44,16220209,0.0,1.0,0.0
5,0.16,45.99,7.43,1.0,0.19,58.53,20.46,46.59,49.99,0.0,241.64,1.0,0.0,2022-10-03 02:24:10,63.46,16220209,0.0,1.0,0.0
24,0.15,45.69,7.09,1.0,0.19,58.53,20.46,46.23,50.0,0.0,241.3,1.0,0.0,2022-10-03 02:27:10,63.46,16220209,0.0,1.0,0.0
23,0.97,138.72,517.96,1.0,2.23,58.54,20.46,536.22,50.02,0.0,240.5,0.97,0.0,2022-10-03 02:30:10,63.47,16220209,0.0,1.0,0.0
22,0.98,129.8,680.17,1.0,2.9,58.58,20.47,692.44,49.97,0.0,239.17,0.98,0.0,2022-10-03 02:33:10,63.51,16220209,0.0,1.0,0.0
21,0.97,137.2,538.31,1.0,2.32,58.61,20.48,555.51,49.97,0.0,239.57,0.97,0.0,2022-10-03 02:36:10,63.54,16220209,0.0,1.0,0.0
20,0.16,45.84,7.52,1.0,0.19,58.63,20.48,46.45,50.0,0.0,240.91,1.0,0.0,2022-10-03 02:39:10,63.56,16220209,0.0,1.0,0.0
19,0.16,45.48,7.33,1.0,0.19,58.63,20.48,46.06,50.02,0.0,240.42,1.0,0.0,2022-10-03 02:42:10,63.56,16220209,0.0,1.0,0.0
18,0.97,138.35,517.93,1.0,2.24,58.64,20.49,536.09,49.98,0.0,239.37,0.97,0.0,2022-10-03 02:45:10,63.57,16220209,0.0,1.0,0.0
17,0.98,134.74,681.58,1.0,2.9,58.67,20.49,694.77,49.96,0.0,239.28,0.98,0.0,2022-10-03 02:48:10,63.61,16220209,0.0,1.0,0.0
16,0.97,138.2,540.71,1.0,2.33,58.7,20.5,558.09,50.01,0.0,239.69,0.97,0.0,2022-10-03 02:51:10,63.64,16220209,0.0,1.0,0.0
15,0.16,45.99,7.63,1.0,0.19,58.72,20.51,46.62,50.04,0.0,240.81,1.0,0.0,2022-10-03 02:54:10,63.66,16220209,0.0,1.0,0.0
34,0.15,45.86,7.15,1.0,0.19,58.72,20.51,46.42,50.02,0.0,241.25,1.0,0.0,2022-10-03 02:57:10,63.66,16220209,0.0,1.0,0.0
33,0.97,136.81,518.05,1.0,2.23,58.73,20.51,535.81,50.03,0.0,239.8,0.97,0.0,2022-10-03 03:00:10,63.67,16220209,0.0,1.0,0.0
32,0.98,135.98,681.29,1.0,2.9,58.77,20.52,694.73,50.0,0.0,239.96,0.98,0.0,2022-10-03 03:03:10,63.71,16220209,0.0,1.0,0.0
31,0.97,137.22,537.44,1.0,2.32,58.8,20.53,554.68,49.94,0.0,239.21,0.97,0.0,2022-10-03 03:06:10,63.74,16220209,0.0,1.0,0.0
30,0.16,45.84,7.51,1.0,0.19,58.81,20.53,46.45,49.99,0.0,240.93,1.0,0.0,2022-10-03 03:09:10,63.76,16220209,0.0,1.0,0.0
29,0.16,45.68,7.58,1.0,0.19,58.81,20.53,46.31,49.99,0.0,240.69,1.0,0.0,2022-10-03 03:12:10,63.76,16220209,0.0,1.0,0.0
28,0.99,133.98,770.65,1.0,3.27,58.83,20.54,782.21,49.99,0.0,239.59,0.99,0.0,2022-10-03 03:15:10,63.78,16220209,0.0,1.0,0.0
27,0.98,135.79,617.43,1.0,2.63,58.87,20.55,632.19,49.99,0.0,240.01,0.98,0.0,2022-10-03 03:18:10,63.82,16220209,0.0,1.0,0.0
26,0.95,140.3,443.73,1.0,1.93,58.89,20.55,465.38,49.98,0.0,240.68,0.95,0.0,2022-10-03 03:21:10,63.84,16220209,0.0,1.0,0.0
25,0.16,46.14,7.71,1.0,0.19,58.92,20.56,46.78,49.97,0.0,241.65,1.0,0.0,2022-10-03 03:24:10,63.87,16220209,0.0,1.0,0.0
44,0.16,46.22,7.58,1.0,0.19,58.92,20.56,46.84,49.95,0.0,241.94,1.0,0.0,2022-10-03 03:27:10,63.87,16220209,0.0,1.0,0.0
43,0.97,138.29,517.61,1.0,2.23,58.92,20.56,535.77,49.89,0.0,240.6,0.97,0.0,2022-10-03 03:30:10,63.88,16220209,0.0,1.0,0.0
42,0.98,135.62,634.03,1.0,2.7,58.96,20.57,648.37,49.87,0.0,239.96,0.98,0.0,2022-10-03 03:33:10,63.91,16220209,0.0,1.0,0.0
41,0.95,141.18,450.63,1.0,1.96,58.99,20.58,472.22,49.94,0.0,240.93,0.95,0.0,2022-10-03 03:36:10,63.94,16220209,0.0,1.0,0.0
40,0.16,46.38,7.52,1.0,0.19,59.0,20.58,46.98,49.97,0.0,242.19,1.0,0.0,2022-10-03 03:39:10,63.96,16220209,0.0,1.0,0.0
39,0.16,45.96,7.33,1.0,0.19,59.0,20.59,46.54,49.96,0.0,241.89,1.0,0.0,2022-10-03 03:42:10,63.96,16220209,0.0,1.0,0.0
38,0.96,141.13,513.33,1.0,2.21,59.01,20.59,532.38,49.94,0.0,241.29,0.96,0.0,2022-10-03 03:45:10,63.97,16220209,0.0,1.0,0.0
37,0.98,138.03,631.43,1.0,2.69,59.05,20.6,646.34,49.94,0.0,240.49,0.98,0.0,2022-10-03 03:48:10,64.01,16220209,0.0,1.0,0.0
36,0.95,142.02,454.73,1.0,1.98,59.08,20.6,476.4,49.94,0.0,240.75,0.95,0.0,2022-10-03 03:51:10,64.04,16220209,0.0,1.0,0.0
35,0.16,45.62,7.38,1.0,0.19,59.09,20.61,46.22,49.94,0.0,241.21,1.0,0.0,2022-10-03 03:54:10,64.05,16220209,0.0,1.0,0.0
54,0.16,45.75,7.45,1.0,0.19,59.09,20.61,46.35,49.97,0.0,241.93,1.0,0.0,2022-10-03 03:57:10,64.06,16220209,0.0,1.0,0.0
53,0.96,139.24,512.6,1.0,2.21,59.1,20.61,531.17,50.04,0.0,240.48,0.96,0.0,2022-10-03 04:00:10,64.07,16220209,0.0,1.0,0.0
52,0.98,137.0,629.55,1.0,2.68,59.14,20.62,644.28,50.04,0.0,240.8,0.98,0.0,2022-10-03 04:03:10,64.1,16220209,0.0,1.0,0.0
51,0.95,140.34,451.02,1.0,1.96,59.17,20.63,472.35,50.01,0.0,240.7,0.95,0.0,2022-10-03 04:06:10,64.13,16220209,0.0,1.0,0.0
50,0.16,45.91,7.54,1.0,0.19,59.18,20.63,46.52,49.96,0.0,241.79,1.0,0.0,2022-10-03 04:09:10,64.15,16220209,0.0,1.0,0.0
49,0.17,45.79,7.67,1.0,0.19,59.18,20.64,46.43,49.91,0.0,240.83,1.0,0.0,2022-10-03 04:12:10,64.15,16220209,0.0,1.0,0.0
48,0.96,140.57,511.6,1.0,2.21,59.19,20.64,530.57,49.96,0.0,240.51,0.96,0.0,2022-10-03 04:15:10,64.16,16220209,0.0,1.0,0.0
47,0.98,136.35,629.0,1.0,2.68,59.22,20.65,643.61,50.02,0.0,240.08,0.98,0.0,2022-10-03 04:18:10,64.2,16220209,0.0,1.0,0.0
46,0.95,142.63,455.89,1.0,1.98,59.25,20.65,477.68,50.02,0.0,241.35,0.95,0.0,2022-10-03 04:21:10,64.23,16220209,0.0,1.0,0.0
45,0.16,46.0,7.66,1.0,0.19,59.27,20.66,46.63,49.97,0.0,241.86,1.0,0.0,2022-10-03 04:24:10,64.24,16220209,0.0,1.0,0.0
61,0.16,46.2,7.72,1.0,0.19,59.27,20.66,46.84,49.93,0.0,241.45,1.0,0.0,2022-10-03 04:27:10,64.25,16220209,0.0,1.0,0.0
60,0.97,137.17,516.07,1.0,2.22,59.28,20.67,533.99,50.04,0.0,240.19,0.97,0.0,2022-10-03 04:30:10,64.26,16220209,0.0,1.0,0.0
59,0.98,136.2,629.38,1.0,2.68,59.31,20.67,643.95,50.0,0.0,240.28,0.98,0.0,2022-10-03 04:33:10,64.29,16220209,0.0,1.0,0.0
58,0.96,140.06,452.31,1.0,1.98,59.34,20.68,473.5,49.93,0.0,239.77,0.96,0.0,2022-10-03 04:36:10,64.32,16220209,0.0,1.0,0.0
57,0.17,46.22,7.77,1.0,0.19,59.36,20.68,46.87,49.96,0.0,241.58,1.0,0.0,2022-10-03 04:39:10,64.34,16220209,0.0,1.0,0.0
56,0.16,45.77,7.36,1.0,0.19,59.36,20.69,46.36,50.01,0.0,240.94,1.0,0.0,2022-10-03 04:42:10,64.34,16220209,0.0,1.0,0.0
55,0.97,138.5,510.57,1.0,2.21,59.37,20.69,529.02,50.0,0.0,239.94,0.97,0.0,2022-10-03 04:45:10,64.35,16220209,0.0,1.0,0.0
66,0.22,49.51,11.22,1.0,0.21,59.38,20.69,50.76,50.09,0.0,235.88,1.0,0.0,2022-10-03 08:42:22,64.35,16220209,0.0,1.0,0.0
65,0.97,133.7,513.37,1.0,2.22,59.38,20.69,530.49,50.07,0.0,238.66,0.97,0.0,2022-10-03 08:45:22,64.35,16220209,0.0,1.0,0.0
64,0.99,129.23,827.84,1.0,3.5,59.42,20.69,837.86,50.08,0.0,239.28,0.99,0.0,2022-10-03 08:48:22,64.39,16220209,0.0,1.0,0.0
63,0.98,132.36,715.27,1.0,3.04,59.46,20.7,727.41,50.09,0.0,239.69,0.98,0.0,2022-10-03 08:51:22,64.43,16220209,0.0,1.0,0.0
62,0.16,46.61,7.35,1.0,0.2,59.47,20.7,47.18,50.05,0.0,239.76,1.0,0.0,2022-10-03 08:54:22,64.44,16220209,0.0,1.0,0.0
76,0.21,50.47,10.98,1.0,0.22,59.47,20.7,51.65,50.05,0.0,238.7,1.0,0.0,2022-10-03 08:57:22,64.44,16220209,0.0,1.0,0.0
75,0.99,126.73,817.25,1.0,3.5,59.49,20.71,827.02,50.04,0.0,236.48,0.99,0.0,2022-10-03 09:00:22,64.47,16220209,0.0,1.0,0.0
74,0.98,132.39,715.61,1.0,3.06,59.53,20.71,727.75,50.02,0.0,238.17,0.98,0.0,2022-10-03 09:03:22,64.51,16220209,0.0,1.0,0.0
73,0.97,136.55,547.57,1.0,2.36,59.56,20.72,564.33,50.04,0.0,238.72,0.97,0.0,2022-10-03 09:06:22,64.54,16220209,0.0,1.0,0.0
72,0.15,47.92,7.38,1.0,0.2,59.57,20.72,48.48,50.04,0.0,241.93,1.0,0.0,2022-10-03 09:09:22,64.55,16220209,0.0,1.0,0.0
71,0.21,51.77,11.04,1.0,0.22,59.57,20.72,52.93,50.03,0.0,241.49,1.0,0.0,2022-10-03 09:12:22,64.55,16220209,0.0,1.0,0.0
70,0.99,130.22,788.09,1.0,3.36,59.59,20.74,798.78,50.0,0.0,237.59,0.99,0.0,2022-10-03 09:15:22,64.58,16220209,0.0,1.0,0.0
69,0.98,133.05,672.36,1.0,2.87,59.63,20.74,685.39,50.01,0.0,238.68,0.98,0.0,2022-10-03 09:18:22,64.62,16220209,0.0,1.0,0.0
68,0.97,136.67,547.62,1.0,2.38,59.66,20.75,564.42,49.99,0.0,237.59,0.97,0.0,2022-10-03 09:21:22,64.65,16220209,0.0,1.0,0.0
67,0.15,46.84,7.34,1.0,0.2,59.67,20.75,47.41,50.0,0.0,239.46,1.0,0.0,2022-10-03 09:24:22,64.66,16220209,0.0,1.0,0.0
86,0.21,50.22,10.71,1.0,0.21,59.67,20.75,51.35,50.04,0.0,238.62,1.0,0.0,2022-10-03 09:27:22,64.66,16220209,0.0,1.0,0.0
85,0.99,130.34,781.72,1.0,3.32,59.7,20.76,792.52,49.96,0.0,238.48,0.99,0.0,2022-10-03 09:30:22,64.69,16220209,0.0,1.0,0.0
84,0.98,135.41,677.56,1.0,2.88,59.73,20.77,690.96,49.99,0.0,239.75,0.98,0.0,2022-10-03 09:33:22,64.72,16220209,0.0,1.0,0.0
83,0.97,139.41,550.69,1.0,2.36,59.76,20.77,568.07,50.0,0.0,240.34,0.97,0.0,2022-10-03 09:36:22,64.76,16220209,0.0,1.0,0.0
82,0.15,47.27,7.16,1.0,0.2,59.77,20.78,47.81,50.04,0.0,241.93,1.0,0.0,2022-10-03 09:39:22,64.76,16220209,0.0,1.0,0.0
81,0.23,53.0,12.47,1.0,0.23,59.77,20.78,54.45,50.04,0.0,242.22,1.0,0.0,2022-10-03 09:42:22,64.76,16220209,0.0,1.0,0.0
80,0.99,134.73,824.84,1.0,3.48,59.8,20.78,835.77,50.0,0.0,240.44,0.99,0.0,2022-10-03 09:45:22,64.79,16220209,0.0,1.0,0.0
79,0.98,133.6,738.75,1.0,3.11,59.84,20.79,750.73,50.09,0.0,241.3,0.98,0.0,2022-10-03 09:48:22,64.83,16220209,0.0,1.0,0.0
78,0.98,137.58,665.56,1.0,2.82,59.87,20.79,679.63,50.09,0.0,241.21,0.98,0.0,2022-10-03 09:51:22,64.87,16220209,0.0,1.0,0.0
77,0.15,46.97,7.16,1.0,0.2,59.88,20.8,47.52,50.12,0.0,241.93,1.0,0.0,2022-10-03 09:54:22,64.88,16220209,0.0,1.0,0.0
96,0.23,52.47,12.38,1.0,0.22,59.88,20.8,53.91,50.11,0.0,241.54,1.0,0.0,2022-10-03 09:57:22,64.88,16220209,0.0,1.0,0.0
95,0.99,133.46,840.55,1.0,3.55,59.91,20.8,851.08,50.14,0.0,239.93,0.99,0.0,2022-10-03 10:00:22,64.91,16220209,0.0,1.0,0.0
94,0.98,134.39,734.29,1.0,3.12,59.95,20.81,746.49,50.05,0.0,239.26,0.98,0.0,2022-10-03 10:03:22,64.95,16220209,0.0,1.0,0.0
93,0.98,135.05,670.92,1.0,2.86,59.98,20.82,684.38,50.04,0.0,239.36,0.98,0.0,2022-10-03 10:06:22,64.98,16220209,0.0,1.0,0.0
92,0.16,46.43,7.44,1.0,0.2,59.99,20.82,47.02,50.05,0.0,240.4,1.0,0.0,2022-10-03 10:09:22,64.99,16220209,0.0,1.0,0.0
91,0.23,51.79,12.34,1.0,0.22,59.99,20.82,53.24,50.04,0.0,240.27,1.0,0.0,2022-10-03 10:12:22,64.99,16220209,0.0,1.0,0.0
90,0.99,132.63,798.69,1.0,3.4,60.02,20.84,809.63,50.05,0.0,238.35,0.99,0.0,2022-10-03 10:15:22,65.02,16220209,0.0,1.0,0.0
89,0.95,238.7,698.87,1.0,2.99,60.05,20.84,738.51,50.07,0.0,238.4,0.95,0.0,2022-10-03 10:18:22,65.06,16220209,0.0,1.0,0.0
88,0.98,133.79,640.58,1.0,2.76,60.09,20.85,654.4,50.07,0.0,237.17,0.98,0.0,2022-10-03 10:21:22,65.1,16220209,0.0,1.0,0.0
87,0.16,46.57,7.34,1.0,0.2,60.09,20.85,47.15,50.07,0.0,241.03,1.0,0.0,2022-10-03 10:24:22,65.1,16220209,0.0,1.0,0.0
106,0.24,51.26,12.42,1.0,0.22,60.09,20.86,52.75,50.09,0.0,240.63,1.0,0.0,2022-10-03 10:27:22,65.11,16220209,0.0,1.0,0.0
105,0.99,134.04,844.66,1.0,3.58,60.12,20.86,855.22,50.08,0.0,239.13,0.99,0.0,2022-10-03 10:30:22,65.14,16220209,0.0,1.0,0.0
104,0.98,134.29,746.12,1.0,3.18,60.16,20.86,758.11,50.03,0.0,238.61,0.98,0.0,2022-10-03 10:33:22,65.18,16220209,0.0,1.0,0.0
103,0.98,133.75,647.0,1.0,2.79,60.2,20.87,660.68,49.97,0.0,237.04,0.98,0.0,2022-10-03 10:36:22,65.21,16220209,0.0,1.0,0.0
102,0.16,46.09,7.43,1.0,0.2,60.2,20.87,46.69,49.98,0.0,239.17,1.0,0.0,2022-10-03 10:39:22,65.22,16220209,0.0,1.0,0.0
101,0.23,50.98,12.07,1.0,0.22,60.2,20.88,52.38,50.0,0.0,238.98,1.0,0.0,2022-10-03 10:42:22,65.22,16220209,0.0,1.0,0.0
100,0.99,132.08,854.62,1.0,3.64,60.23,20.88,864.77,50.04,0.0,237.47,0.99,0.0,2022-10-03 10:45:22,65.25,16220209,0.0,1.0,0.0
99,0.99,132.79,765.35,1.0,3.28,60.27,20.89,776.78,49.99,0.0,236.91,0.99,0.0,2022-10-03 10:48:22,65.29,16220209,0.0,1.0,0.0
98,0.98,133.66,657.35,1.0,2.82,60.31,20.9,670.8,50.0,0.0,237.77,0.98,0.0,2022-10-03 10:51:22,65.33,16220209,0.0,1.0,0.0
97,0.16,46.49,7.33,1.0,0.2,60.31,20.9,47.06,50.02,0.0,239.14,1.0,0.0,2022-10-03 10:54:22,65.34,16220209,0.0,1.0,0.0
116,0.23,51.14,12.15,1.0,0.22,60.31,20.9,52.56,50.0,0.0,238.91,1.0,0.0,2022-10-03 10:57:22,65.34,16220209,0.0,1.0,0.0
115,0.99,130.44,847.34,1.0,3.61,60.34,20.91,857.32,50.04,0.0,237.3,0.99,0.0,2022-10-03 11:00:22,65.37,16220209,0.0,1.0,0.0
114,0.99,131.0,751.09,1.0,3.21,60.38,20.92,762.43,50.04,0.0,237.37,0.99,0.0,2022-10-03 11:03:22,65.41,16220209,0.0,1.0,0.0
113,0.98,132.72,651.17,1.0,2.8,60.42,20.93,664.56,50.0,0.0,237.24,0.98,0.0,2022-10-03 11:06:22,65.44,16220209,0.0,1.0,0.0
112,0.16,45.75,7.36,1.0,0.19,60.42,20.93,46.34,50.03,0.0,238.85,1.0,0.0,2022-10-03 11:09:22,65.45,16220209,0.0,1.0,0.0
111,0.24,51.11,12.6,1.0,0.22,60.42,20.93,52.64,49.98,0.0,237.13,1.0,0.0,2022-10-03 11:12:22,65.45,16220209,0.0,1.0,0.0
110,0.99,131.35,842.75,1.0,3.59,60.45,20.94,852.92,49.99,0.0,237.53,0.99,0.0,2022-10-03 11:15:22,65.48,16220209,0.0,1.0,0.0
109,0.98,131.56,747.37,1.0,3.19,60.49,20.94,758.86,50.0,0.0,237.5,0.98,0.0,2022-10-03 11:18:22,65.52,16220209,0.0,1.0,0.0
108,0.98,135.9,658.96,1.0,2.81,60.53,20.95,672.83,50.04,0.0,239.0,0.98,0.0,2022-10-03 11:21:22,65.56,16220209,0.0,1.0,0.0
107,0.16,46.98,7.54,1.0,0.2,60.53,20.95,47.59,50.02,0.0,239.85,1.0,0.0,2022-10-03 11:24:22,65.57,16220209,0.0,1.0,0.0
122,0.23,51.32,12.23,1.0,0.22,60.53,20.95,52.75,50.03,0.0,238.92,1.0,0.0,2022-10-03 11:27:22,65.57,16220209,0.0,1.0,0.0
121,0.99,132.24,876.6,1.0,3.74,60.56,20.96,886.51,49.99,0.0,236.96,0.99,0.0,2022-10-03 11:30:22,65.6,16220209,0.0,1.0,0.0
120,0.99,132.64,818.15,1.0,3.46,60.6,20.97,828.83,49.97,0.0,239.49,0.99,0.0,2022-10-03 11:33:22,65.64,16220209,0.0,1.0,0.0
119,0.98,134.7,708.95,1.0,3.02,60.64,20.97,721.63,49.94,0.0,239.11,0.98,0.0,2022-10-03 11:36:22,65.68,16220209,0.0,1.0,0.0
118,0.16,46.68,7.36,1.0,0.2,60.65,20.98,47.26,50.0,0.0,240.13,1.0,0.0,2022-10-03 11:39:22,65.69,16220209,0.0,1.0,0.0
117,0.23,51.24,11.91,1.0,0.22,60.65,20.98,52.61,50.01,0.0,240.43,1.0,0.0,2022-10-03 11:42:22,65.69,16220209,0.0,1.0,0.0
123,0.21,49.7,10.85,1.0,0.21,60.67,20.98,50.87,50.03,0.0,239.5,1.0,0.0,2022-10-03 13:56:24,65.71,16220209,0.0,1.0,0.0
133,0.22,50.28,11.28,1.0,0.21,60.67,20.98,51.53,50.04,0.0,239.44,1.0,0.0,2022-10-03 13:57:24,65.71,16220209,0.0,1.0,0.0
132,0.99,128.96,888.55,1.0,3.78,60.68,20.98,897.86,50.05,0.0,237.78,0.99,0.0,2022-10-03 14:00:24,65.72,16220209,0.0,1.0,0.0
131,0.99,130.49,897.41,1.0,3.82,60.73,20.98,906.85,50.07,0.0,237.37,0.99,0.0,2022-10-03 14:03:24,65.77,16220209,0.0,1.0,0.0
130,0.92,54.26,123.14,1.0,0.56,60.77,20.99,134.56,50.05,0.0,238.59,1.0,0.0,2022-10-03 14:06:24,65.81,16220209,0.0,1.0,0.0
129,0.16,45.98,7.55,1.0,0.2,60.77,20.99,46.6,49.97,0.0,237.27,1.0,0.0,2022-10-03 14:09:24,65.81,16220209,0.0,1.0,0.0
128,0.97,129.82,510.03,1.0,2.23,60.77,21.0,526.29,49.94,0.0,235.92,0.97,0.0,2022-10-03 14:12:24,65.82,16220209,0.0,1.0,0.0
127,0.99,126.33,831.58,1.0,3.59,60.81,21.0,841.12,49.94,0.0,234.53,0.99,0.0,2022-10-03 14:15:24,65.86,16220209,0.0,1.0,0.0
126,0.98,132.11,700.97,1.0,2.99,60.85,21.01,713.31,50.02,0.0,238.63,0.98,0.0,2022-10-03 14:18:24,65.9,16220209,0.0,1.0,0.0
125,0.91,54.65,121.19,1.0,0.56,60.88,21.02,132.94,50.02,0.0,238.58,1.0,0.0,2022-10-03 14:21:24,65.93,16220209,0.0,1.0,0.0
124,0.16,46.56,7.61,1.0,0.2,60.88,21.02,47.18,50.01,0.0,239.74,1.0,0.0,2022-10-03 14:24:24,65.93,16220209,0.0,1.0,0.0
143,0.97,134.79,510.53,1.0,2.21,60.88,21.02,528.03,49.99,0.0,239.36,0.97,0.0,2022-10-03 14:27:24,65.94,16220209,0.0,1.0,0.0
142,0.99,138.82,834.89,1.0,3.54,60.92,21.03,846.35,50.04,0.0,238.45,0.99,0.0,2022-10-03 14:30:24,65.97,16220209,0.0,1.0,0.0
141,0.98,131.85,699.14,1.0,2.99,60.96,21.03,711.47,50.04,0.0,237.79,0.98,0.0,2022-10-03 14:33:24,66.01,16220209,0.0,1.0,0.0
140,0.91,55.22,122.76,1.0,0.56,60.99,21.04,134.61,50.04,0.0,238.5,1.0,0.0,2022-10-03 14:36:24,66.04,16220209,0.0,1.0,0.0
139,0.16,46.04,7.42,1.0,0.2,60.99,21.04,46.64,49.99,0.0,238.92,1.0,0.0,2022-10-03 14:39:24,66.05,16220209,0.0,1.0,0.0
138,0.97,132.21,499.32,1.0,2.17,60.99,21.04,516.53,49.98,0.0,237.55,0.97,0.0,2022-10-03 14:42:24,66.05,16220209,0.0,1.0,0.0
137,0.99,128.52,841.87,1.0,3.6,61.03,21.05,851.62,49.98,0.0,236.64,0.99,0.0,2022-10-03 14:45:24,66.09,16220209,0.0,1.0,0.0
136,0.98,130.88,698.02,1.0,3.0,61.07,21.06,710.18,50.02,0.0,236.6,0.98,0.0,2022-10-03 14:48:24,66.13,16220209,0.0,1.0,0.0
135,0.91,54.92,120.84,1.0,0.56,61.1,21.06,132.74,50.04,0.0,237.71,1.0,0.0,2022-10-03 14:51:24,66.16,16220209,0.0,1.0,0.0
134,0.16,45.69,7.32,1.0,0.2,61.1,21.06,46.27,49.99,0.0,237.03,1.0,0.0,2022-10-03 14:54:24,66.16,16220209,0.0,1.0,0.0
153,0.97,131.27,527.56,1.0,2.3,61.11,21.07,543.65,49.99,0.0,236.04,0.97,0.0,2022-10-03 14:57:24,66.17,16220209,0.0,1.0,0.0
152,0.99,130.1,855.71,1.0,3.67,61.14,21.07,865.55,50.04,0.0,235.69,0.99,0.0,2022-10-03 15:00:24,66.21,16220209,0.0,1.0,0.0
151,0.99,129.27,772.56,1.0,3.3,61.19,21.08,783.3,50.11,0.0,237.48,0.99,0.0,2022-10-03 15:03:24,66.25,16220209,0.0,1.0,0.0
150,0.91,55.18,120.8,1.0,0.56,61.22,21.09,132.81,50.03,0.0,237.33,1.0,0.0,2022-10-03 15:06:24,66.28,16220209,0.0,1.0,0.0
149,0.16,45.3,7.25,1.0,0.19,61.22,21.09,45.88,50.01,0.0,236.96,1.0,0.0,2022-10-03 15:09:24,66.29,16220209,0.0,1.0,0.0
148,0.97,129.28,536.46,1.0,2.34,61.22,21.09,551.81,50.01,0.0,236.02,0.97,0.0,2022-10-03 15:12:24,66.29,16220209,0.0,1.0,0.0
147,0.99,130.68,867.82,1.0,3.73,61.26,21.09,877.6,50.02,0.0,235.51,0.99,0.0,2022-10-03 15:15:24,66.33,16220209,0.0,1.0,0.0
146,0.99,131.25,787.12,1.0,3.39,61.31,21.11,797.99,50.04,0.0,235.59,0.99,0.0,2022-10-03 15:18:24,66.38,16220209,0.0,1.0,0.0
145,0.91,55.81,122.1,1.0,0.56,61.34,21.11,134.25,50.03,0.0,237.52,1.0,0.0,2022-10-03 15:21:24,66.41,16220209,0.0,1.0,0.0
144,0.16,46.27,7.64,1.0,0.2,61.34,21.11,46.9,50.03,0.0,238.31,1.0,0.0,2022-10-03 15:24:24,66.41,16220209,0.0,1.0,0.0
163,0.97,132.55,527.57,1.0,2.3,61.34,21.12,543.97,50.04,0.0,236.18,0.97,0.0,2022-10-03 15:27:24,66.42,16220209,0.0,1.0,0.0
162,0.99,133.52,862.63,1.0,3.68,61.38,21.12,872.9,50.02,0.0,237.15,0.99,0.0,2022-10-03 15:30:24,66.46,16220209,0.0,1.0,0.0
161,0.99,132.28,784.74,1.0,3.34,61.42,21.13,795.81,50.01,0.0,238.01,0.99,0.0,2022-10-03 15:33:24,66.5,16220209,0.0,1.0,0.0
160,0.91,55.45,120.86,1.0,0.56,61.46,21.14,132.97,49.99,0.0,238.82,1.0,0.0,2022-10-03 15:36:24,66.53,16220209,0.0,1.0,0.0
159,0.16,46.12,7.53,1.0,0.2,61.46,21.14,46.73,49.98,0.0,238.91,1.0,0.0,2022-10-03 15:39:24,66.54,16220209,0.0,1.0,0.0
158,0.97,134.06,522.55,1.0,2.27,61.46,21.14,539.47,50.0,0.0,238.03,0.97,0.0,2022-10-03 15:42:24,66.54,16220209,0.0,1.0,0.0
157,0.99,130.91,834.78,1.0,3.56,61.5,21.14,844.98,50.03,0.0,237.3,0.99,0.0,2022-10-03 15:45:24,66.58,16220209,0.0,1.0,0.0
156,0.98,132.52,729.58,1.0,3.12,61.54,21.16,741.52,50.04,0.0,237.82,0.98,0.0,2022-10-03 15:48:24,66.62,16220209,0.0,1.0,0.0
155,0.91,55.26,121.06,1.0,0.56,61.57,21.16,133.08,50.0,0.0,238.83,1.0,0.0,2022-10-03 15:51:24,66.65,16220209,0.0,1.0,0.0
154,0.16,46.22,7.4,1.0,0.2,61.57,21.17,46.81,49.96,0.0,239.79,1.0,0.0,2022-10-03 15:54:24,66.66,16220209,0.0,1.0,0.0
173,0.97,134.88,531.53,1.0,2.3,61.58,21.17,548.37,49.97,0.0,238.34,0.97,0.0,2022-10-03 15:57:24,66.66,16220209,0.0,1.0,0.0
172,0.99,134.48,872.73,1.0,3.69,61.62,21.17,883.03,50.09,0.0,239.07,0.99,0.0,2022-10-03 16:00:24,66.7,16220209,0.0,1.0,0.0
171,0.99,132.72,761.89,1.0,3.24,61.66,21.18,773.36,50.05,0.0,238.81,0.99,0.0,2022-10-03 16:03:24,66.74,16220209,0.0,1.0,0.0
170,0.91,56.18,123.14,1.0,0.56,61.69,21.19,135.35,50.0,0.0,240.15,1.0,0.0,2022-10-03 16:06:24,66.78,16220209,0.0,1.0,0.0
169,0.16,46.19,7.34,1.0,0.19,61.69,21.19,46.77,49.99,0.0,240.61,1.0,0.0,2022-10-03 16:09:24,66.78,16220209,0.0,1.0,0.0
168,0.97,135.27,526.37,1.0,2.28,61.69,21.2,543.47,49.95,0.0,238.7,0.97,0.0,2022-10-03 16:12:24,66.79,16220209,0.0,1.0,0.0
167,0.99,133.07,861.16,1.0,3.66,61.73,21.2,871.38,49.98,0.0,238.29,0.99,0.0,2022-10-03 16:15:24,66.83,16220209,0.0,1.0,0.0
166,0.99,134.78,782.55,1.0,3.32,61.78,21.21,794.07,50.04,0.0,239.38,0.99,0.0,2022-10-03 16:18:24,66.87,16220209,0.0,1.0,0.0
165,0.91,56.24,122.57,1.0,0.56,61.81,21.22,134.86,49.99,0.0,240.82,1.0,0.0,2022-10-03 16:21:24,66.9,16220209,0.0,1.0,0.0
164,0.16,46.66,7.51,1.0,0.2,61.81,21.22,47.26,49.95,0.0,240.65,1.0,0.0,2022-10-03 16:24:24,66.9,16220209,0.0,1.0,0.0
174,0.97,134.72,527.29,1.0,2.28,61.81,21.22,544.23,49.94,0.0,238.74,0.97,0.0,2022-10-03 16:27:24,66.91,16220209,0.0,1.0,0.0
180,0.22,49.49,11.42,1.0,0.21,61.83,21.22,50.79,49.89,0.0,237.77,1.0,0.0,2022-10-03 18:40:27,66.92,16220209,0.0,1.0,0.0
179,0.21,48.67,10.55,1.0,0.21,61.83,21.22,49.8,49.86,0.0,238.51,1.0,0.0,2022-10-03 18:42:27,66.92,16220209,0.0,1.0,0.0
178,0.99,125.75,837.52,1.0,3.58,61.86,21.22,846.91,49.87,0.0,236.33,0.99,0.0,2022-10-03 18:45:27,66.95,16220209,0.0,1.0,0.0
177,0.99,129.65,788.71,1.0,3.37,61.9,21.23,799.29,49.94,0.0,237.46,0.99,0.0,2022-10-03 18:48:27,66.99,16220209,0.0,1.0,0.0
176,0.16,46.01,7.64,1.0,0.2,61.92,21.23,46.64,49.97,0.0,238.91,1.0,0.0,2022-10-03 18:51:27,67.01,16220209,0.0,1.0,0.0
175,0.16,46.27,7.52,1.0,0.2,61.92,21.23,46.88,50.03,0.0,239.67,1.0,0.0,2022-10-03 18:54:27,67.02,16220209,0.0,1.0,0.0
190,0.99,130.55,829.26,1.0,3.52,61.93,21.24,839.47,50.04,0.0,238.73,0.99,0.0,2022-10-03 18:57:27,67.03,16220209,0.0,1.0,0.0
189,0.98,134.66,678.44,1.0,2.89,61.97,21.25,691.68,50.03,0.0,239.6,0.98,0.0,2022-10-03 19:00:27,67.07,16220209,0.0,1.0,0.0
188,0.98,135.36,665.49,1.0,2.85,62.01,21.25,679.12,49.98,0.0,238.42,0.98,0.0,2022-10-03 19:03:27,67.11,16220209,0.0,1.0,0.0
187,0.17,46.32,7.76,1.0,0.2,62.02,21.26,46.97,49.99,0.0,240.11,1.0,0.0,2022-10-03 19:06:27,67.12,16220209,0.0,1.0,0.0
186,0.16,45.83,7.33,1.0,0.19,62.03,21.26,46.42,50.04,0.0,239.75,1.0,0.0,2022-10-03 19:09:27,67.13,16220209,0.0,1.0,0.0
185,0.99,134.16,810.26,1.0,3.43,62.04,21.27,821.29,49.95,0.0,239.36,0.99,0.0,2022-10-03 19:12:27,67.14,16220209,0.0,1.0,0.0
184,0.98,132.16,726.62,1.0,3.09,62.08,21.27,738.54,49.91,0.0,239.29,0.98,0.0,2022-10-03 19:15:27,67.18,16220209,0.0,1.0,0.0
183,0.97,138.69,572.71,1.0,2.46,62.11,21.28,589.26,49.98,0.0,239.81,0.97,0.0,2022-10-03 19:18:27,67.22,16220209,0.0,1.0,0.0
182,0.16,46.49,7.36,1.0,0.2,62.13,21.28,47.07,49.99,0.0,240.55,1.0,0.0,2022-10-03 19:21:27,67.23,16220209,0.0,1.0,0.0
181,0.16,46.6,7.63,1.0,0.2,62.13,21.28,47.22,50.04,0.0,240.41,1.0,0.0,2022-10-03 19:24:27,67.24,16220209,0.0,1.0,0.0
200,0.99,133.15,796.12,1.0,3.37,62.14,21.29,807.18,50.04,0.0,239.49,0.99,0.0,2022-10-03 19:27:27,67.25,16220209,0.0,1.0,0.0
199,0.98,135.03,757.17,1.0,3.21,62.18,21.29,769.12,50.01,0.0,239.57,0.98,0.0,2022-10-03 19:30:27,67.29,16220209,0.0,1.0,0.0
198,0.98,138.0,633.7,1.0,2.7,62.22,21.3,648.56,50.01,0.0,240.17,0.98,0.0,2022-10-03 19:33:27,67.33,16220209,0.0,1.0,0.0
197,0.16,46.09,7.26,1.0,0.19,62.23,21.31,46.66,50.02,0.0,242.01,1.0,0.0,2022-10-03 19:36:27,67.34,16220209,0.0,1.0,0.0
196,0.15,46.41,7.27,1.0,0.19,62.23,21.31,46.98,50.05,0.0,242.64,1.0,0.0,2022-10-03 19:39:27,67.35,16220209,0.0,1.0,0.0
195,0.99,136.92,796.99,1.0,3.35,62.24,21.31,808.66,50.06,0.0,241.45,0.99,0.0,2022-10-03 19:42:27,67.36,16220209,0.0,1.0,0.0
194,0.98,139.83,759.53,1.0,3.19,62.29,21.32,772.29,50.09,0.0,242.28,0.98,0.0,2022-10-03 19:45:27,67.4,16220209,0.0,1.0,0.0
193,0.98,140.93,641.05,1.0,2.71,62.32,21.33,656.36,50.05,0.0,242.52,0.98,0.0,2022-10-03 19:48:27,67.44,16220209,0.0,1.0,0.0
192,0.16,46.9,7.5,1.0,0.2,62.34,21.33,47.5,50.04,0.0,243.32,1.0,0.0,2022-10-03 19:51:27,67.46,16220209,0.0,1.0,0.0
191,0.15,46.29,6.99,1.0,0.19,62.34,21.33,46.81,50.05,0.0,243.31,1.0,0.0,2022-10-03 19:54:27,67.46,16220209,0.0,1.0,0.0
210,0.99,138.96,812.18,1.0,3.41,62.35,21.34,823.98,50.02,0.0,241.95,0.99,0.0,2022-10-03 19:57:27,67.47,16220209,0.0,1.0,0.0
209,0.98,139.13,758.65,1.0,3.19,62.39,21.34,771.3,50.01,0.0,242.12,0.98,0.0,2022-10-03 20:00:27,67.51,16220209,0.0,1.0,0.0
208,0.98,141.58,636.75,1.0,2.69,62.43,21.35,652.3,50.07,0.0,242.13,0.98,0.0,2022-10-03 20:03:27,67.55,16220209,0.0,1.0,0.0
207,0.15,46.73,7.33,1.0,0.19,62.44,21.35,47.3,50.06,0.0,243.81,1.0,0.0,2022-10-03 20:06:27,67.57,16220209,0.0,1.0,0.0
206,0.15,46.3,7.24,1.0,0.19,62.44,21.36,46.86,50.04,0.0,243.57,1.0,0.0,2022-10-03 20:09:27,67.57,16220209,0.0,1.0,0.0
205,0.99,134.13,787.21,1.0,3.36,62.46,21.36,798.56,50.03,0.0,237.95,0.99,0.0,2022-10-03 20:12:27,67.59,16220209,0.0,1.0,0.0
204,0.99,132.5,763.05,1.0,3.26,62.5,21.37,774.46,50.04,0.0,237.42,0.99,0.0,2022-10-03 20:15:27,67.63,16220209,0.0,1.0,0.0
203,0.98,132.28,639.68,1.0,2.77,62.53,21.37,653.21,50.04,0.0,236.26,0.98,0.0,2022-10-03 20:18:27,67.66,16220209,0.0,1.0,0.0
202,0.17,44.83,7.55,1.0,0.19,62.55,21.38,45.46,50.04,0.0,237.77,1.0,0.0,2022-10-03 20:21:27,67.68,16220209,0.0,1.0,0.0
201,0.16,45.12,7.25,1.0,0.19,62.55,21.38,45.7,50.02,0.0,237.51,1.0,0.0,2022-10-03 20:24:27,67.68,16220209,0.0,1.0,0.0
220,0.99,131.28,815.01,1.0,3.5,62.56,21.38,825.52,50.06,0.0,235.97,0.99,0.0,2022-10-03 20:27:27,67.7,16220209,0.0,1.0,0.0
219,0.98,132.31,720.92,1.0,3.1,62.6,21.4,732.97,50.0,0.0,236.41,0.98,0.0,2022-10-03 20:30:27,67.74,16220209,0.0,1.0,0.0
218,0.98,136.0,637.62,1.0,2.75,62.64,21.41,651.96,50.02,0.0,237.18,0.98,0.0,2022-10-03 20:33:27,67.77,16220209,0.0,1.0,0.0
217,0.16,44.63,7.17,1.0,0.19,62.65,21.41,45.21,50.02,0.0,237.93,1.0,0.0,2022-10-03 20:36:27,67.79,16220209,0.0,1.0,0.0
216,0.16,45.03,7.2,1.0,0.19,62.65,21.41,45.6,50.04,0.0,238.49,1.0,0.0,2022-10-03 20:39:27,67.79,16220209,0.0,1.0,0.0
215,0.99,132.83,787.68,1.0,3.36,62.67,21.42,798.8,50.01,0.0,237.88,0.99,0.0,2022-10-03 20:42:27,67.81,16220209,0.0,1.0,0.0
214,0.99,131.92,761.57,1.0,3.25,62.71,21.42,772.91,49.99,0.0,237.44,0.99,0.0,2022-10-03 20:45:27,67.85,16220209,0.0,1.0,0.0
213,0.98,137.65,638.23,1.0,2.74,62.74,21.43,652.91,50.04,0.0,237.94,0.98,0.0,2022-10-03 20:48:27,67.88,16220209,0.0,1.0,0.0
212,0.17,45.88,7.7,1.0,0.19,62.76,21.43,46.52,50.04,0.0,239.32,1.0,0.0,2022-10-03 20:51:27,67.9,16220209,0.0,1.0,0.0
211,0.16,45.36,7.46,1.0,0.19,62.76,21.43,45.97,50.02,0.0,238.93,1.0,0.0,2022-10-03 20:54:27,67.9,16220209,0.0,1.0,0.0
230,0.99,134.0,797.08,1.0,3.38,62.77,21.44,808.27,50.04,0.0,238.85,0.99,0.0,2022-10-03 20:57:27,67.92,16220209,0.0,1.0,0.0
229,0.98,135.86,761.59,1.0,3.23,62.81,21.44,773.61,50.05,0.0,239.36,0.98,0.0,2022-10-03 21:00:27,67.96,16220209,0.0,1.0,0.0
228,0.98,137.97,641.6,1.0,2.75,62.85,21.45,656.27,49.99,0.0,239.06,0.98,0.0,2022-10-03 21:03:27,68.0,16220209,0.0,1.0,0.0
227,0.16,45.63,7.56,1.0,0.19,62.87,21.46,46.25,49.99,0.0,239.89,1.0,0.0,2022-10-03 21:06:27,68.01,16220209,0.0,1.0,0.0
226,0.16,45.36,7.54,1.0,0.19,62.87,21.46,45.98,49.99,0.0,239.98,1.0,0.0,2022-10-03 21:09:27,68.02,16220209,0.0,1.0,0.0
225,0.99,134.74,792.37,1.0,3.37,62.88,21.46,803.74,50.03,0.0,238.84,0.99,0.0,2022-10-03 21:12:27,68.03,16220209,0.0,1.0,0.0
224,0.99,131.98,763.66,1.0,3.25,62.92,21.47,774.99,50.02,0.0,238.34,0.99,0.0,2022-10-03 21:15:27,68.07,16220209,0.0,1.0,0.0
223,0.98,135.67,637.29,1.0,2.73,62.96,21.47,651.57,49.98,0.0,238.46,0.98,0.0,2022-10-03 21:18:27,68.11,16220209,0.0,1.0,0.0
222,0.16,45.94,7.64,1.0,0.19,62.97,21.48,46.58,49.98,0.0,240.08,1.0,0.0,2022-10-03 21:21:27,68.12,16220209,0.0,1.0,0.0
221,0.16,45.74,7.46,1.0,0.19,62.97,21.48,46.34,49.99,0.0,240.37,1.0,0.0,2022-10-03 21:24:27,68.13,16220209,0.0,1.0,0.0
240,0.99,134.63,805.39,1.0,3.41,62.98,21.49,816.56,50.02,0.0,239.32,0.99,0.0,2022-10-03 21:27:27,68.14,16220209,0.0,1.0,0.0
239,0.98,138.34,721.7,1.0,3.06,63.02,21.49,734.84,49.97,0.0,239.86,0.98,0.0,2022-10-03 21:30:27,68.18,16220209,0.0,1.0,0.0
238,0.98,137.54,634.05,1.0,2.71,63.06,21.5,648.8,49.95,0.0,239.41,0.98,0.0,2022-10-03 21:33:27,68.22,16220209,0.0,1.0,0.0
237,0.16,46.0,7.49,1.0,0.19,63.08,21.5,46.6,50.0,0.0,240.71,1.0,0.0,2022-10-03 21:36:27,68.23,16220209,0.0,1.0,0.0
236,0.15,45.7,6.93,1.0,0.19,63.08,21.51,46.23,50.04,0.0,241.26,1.0,0.0,2022-10-03 21:39:27,68.24,16220209,0.0,1.0,0.0
235,0.99,135.88,801.59,1.0,3.39,63.09,21.51,813.03,49.99,0.0,239.52,0.99,0.0,2022-10-03 21:42:27,68.25,16220209,0.0,1.0,0.0
234,0.98,135.48,718.74,1.0,3.05,63.13,21.53,731.4,49.98,0.0,239.93,0.98,0.0,2022-10-03 21:45:27,68.29,16220209,0.0,1.0,0.0
233,0.97,138.37,559.8,1.0,2.4,63.16,21.53,576.65,49.93,0.0,239.83,0.97,0.0,2022-10-03 21:48:27,68.33,16220209,0.0,1.0,0.0
232,0.16,45.38,7.28,1.0,0.19,63.18,21.54,45.96,49.94,0.0,240.37,1.0,0.0,2022-10-03 21:51:27,68.34,16220209,0.0,1.0,0.0
231,0.15,45.81,7.18,1.0,0.19,63.18,21.54,46.37,49.98,0.0,240.99,1.0,0.0,2022-10-03 21:54:27,68.34,16220209,0.0,1.0,0.0
247,0.99,134.24,788.7,1.0,3.35,63.19,21.54,800.04,49.98,0.0,238.96,0.99,0.0,2022-10-03 21:57:27,68.36,16220209,0.0,1.0,0.0
246,0.98,137.59,716.69,1.0,3.04,63.23,21.55,729.78,50.04,0.0,240.06,0.98,0.0,2022-10-03 22:00:27,68.4,16220209,0.0,1.0,0.0
245,0.97,140.71,557.43,1.0,2.39,63.26,21.56,574.91,49.98,0.0,240.59,0.97,0.0,2022-10-03 22:03:27,68.43,16220209,0.0,1.0,0.0
244,0.16,45.94,7.55,1.0,0.19,63.28,21.56,46.55,49.93,0.0,240.47,1.0,0.0,2022-10-03 22:06:27,68.45,16220209,0.0,1.0,0.0
243,0.17,46.23,7.73,1.0,0.19,63.28,21.56,46.88,49.95,0.0,241.13,1.0,0.0,2022-10-03 22:09:27,68.45,16220209,0.0,1.0,0.0
242,0.99,133.18,776.61,1.0,3.29,63.29,21.57,787.95,49.94,0.0,239.44,0.99,0.0,2022-10-03 22:12:27,68.47,16220209,0.0,1.0,0.0
241,0.98,133.32,712.11,1.0,3.02,63.33,21.57,724.48,49.99,0.0,239.64,0.98,0.0,2022-10-03 22:15:27,68.5,16220209,0.0,1.0,0.0
252,0.22,50.01,11.43,1.0,0.21,63.34,21.57,51.3,50.04,0.0,240.62,1.0,0.0,2022-10-04 01:43:42,68.51,16220209,0.0,1.0,0.0
251,0.21,49.87,10.88,1.0,0.21,63.34,21.57,51.04,50.04,0.0,241.22,1.0,0.0,2022-10-04 01:45:12,68.51,16220209,0.0,1.0,0.0
250,0.99,130.23,786.26,1.0,3.33,63.36,21.57,796.97,50.02,0.0,239.13,0.99,0.0,2022-10-04 01:48:12,68.53,16220209,0.0,1.0,0.0
249,0.98,131.88,745.68,1.0,3.16,63.4,21.58,757.25,50.04,0.0,239.97,0.98,0.0,2022-10-04 01:51:12,68.57,16220209,0.0,1.0,0.0
248,0.17,47.07,8.1,1.0,0.2,63.42,21.58,47.77,50.04,0.0,241.24,1.0,0.0,2022-10-04 01:54:12,68.6,16220209,0.0,1.0,0.0
262,0.16,46.9,7.46,1.0,0.2,63.42,21.58,47.49,50.05,0.0,241.79,1.0,0.0,2022-10-04 01:57:12,68.6,16220209,0.0,1.0,0.0
261,0.97,135.64,533.91,1.0,2.29,63.43,21.59,550.87,50.04,0.0,240.26,0.97,0.0,2022-10-04 02:00:12,68.61,16220209,0.0,1.0,0.0
260,0.98,132.07,732.08,1.0,3.09,63.47,21.59,743.9,50.01,0.0,240.9,0.98,0.0,2022-10-04 02:03:12,68.65,16220209,0.0,1.0,0.0
259,0.98,135.44,619.89,1.0,2.64,63.5,21.6,634.51,49.99,0.0,240.71,0.98,0.0,2022-10-04 02:06:12,68.68,16220209,0.0,1.0,0.0
258,0.16,46.67,7.42,1.0,0.2,63.52,21.61,47.26,49.99,0.0,242.09,1.0,0.0,2022-10-04 02:09:12,68.7,16220209,0.0,1.0,0.0
257,0.16,46.8,7.61,1.0,0.2,63.52,21.61,47.41,49.99,0.0,241.4,1.0,0.0,2022-10-04 02:12:12,68.7,16220209,0.0,1.0,0.0
256,0.97,137.43,520.11,1.0,2.23,63.53,21.61,537.96,50.02,0.0,241.15,0.97,0.0,2022-10-04 02:15:12,68.71,16220209,0.0,1.0,0.0
255,0.98,132.54,722.6,1.0,3.05,63.57,21.62,734.66,49.99,0.0,240.65,0.98,0.0,2022-10-04 02:18:12,68.75,16220209,0.0,1.0,0.0
254,0.98,135.3,611.66,1.0,2.6,63.6,21.62,626.44,49.99,0.0,240.94,0.98,0.0,2022-10-04 02:21:12,68.78,16220209,0.0,1.0,0.0
253,0.16,47.07,7.67,1.0,0.2,63.62,21.63,47.7,50.04,0.0,242.36,1.0,0.0,2022-10-04 02:24:12,68.8,16220209,0.0,1.0,0.0
272,0.16,47.23,7.61,1.0,0.2,63.62,21.63,47.84,50.04,0.0,243.1,1.0,0.0,2022-10-04 02:27:12,68.81,16220209,0.0,1.0,0.0
271,0.97,138.98,518.49,1.0,2.22,63.63,21.64,536.79,50.01,0.0,242.06,0.97,0.0,2022-10-04 02:30:12,68.82,16220209,0.0,1.0,0.0
270,0.98,131.76,683.42,1.0,2.88,63.66,21.64,696.0,49.98,0.0,241.97,0.98,0.0,2022-10-04 02:33:12,68.85,16220209,0.0,1.0,0.0
269,0.97,141.39,542.68,1.0,2.32,63.69,21.65,560.79,49.94,0.0,241.9,0.97,0.0,2022-10-04 02:36:12,68.89,16220209,0.0,1.0,0.0
268,0.15,47.07,7.27,1.0,0.2,63.71,21.65,47.63,49.99,0.0,243.51,1.0,0.0,2022-10-04 02:39:12,68.9,16220209,0.0,1.0,0.0
267,0.15,47.08,7.21,1.0,0.2,63.71,21.66,47.63,50.0,0.0,243.51,1.0,0.0,2022-10-04 02:42:12,68.91,16220209,0.0,1.0,0.0
266,0.97,140.56,520.68,1.0,2.22,63.72,21.66,539.32,50.02,0.0,242.63,0.97,0.0,2022-10-04 02:45:12,68.92,16220209,0.0,1.0,0.0
265,0.98,135.37,683.24,1.0,2.88,63.76,21.67,696.53,49.99,0.0,241.95,0.98,0.0,2022-10-04 02:48:12,68.95,16220209,0.0,1.0,0.0
264,0.97,144.63,542.63,1.0,2.31,63.79,21.67,561.57,49.94,0.0,242.33,0.97,0.0,2022-10-04 02:51:12,68.99,16220209,0.0,1.0,0.0
263,0.17,47.37,8.08,1.0,0.2,63.81,21.68,48.05,49.92,0.0,243.17,1.0,0.0,2022-10-04 02:54:12,69.0,16220209,0.0,1.0,0.0
282,0.15,46.83,7.04,1.0,0.19,63.81,21.68,47.36,50.01,0.0,243.61,1.0,0.0,2022-10-04 02:57:12,69.01,16220209,0.0,1.0,0.0
281,0.97,140.58,521.87,1.0,2.23,63.81,21.69,540.47,49.99,0.0,242.06,0.97,0.0,2022-10-04 03:00:12,69.02,16220209,0.0,1.0,0.0
280,0.98,137.64,684.68,1.0,2.88,63.85,21.69,698.37,50.01,0.0,242.39,0.98,0.0,2022-10-04 03:03:12,69.05,16220209,0.0,1.0,0.0
279,0.97,140.62,543.87,1.0,2.31,63.88,21.7,561.75,50.01,0.0,242.72,0.97,0.0,2022-10-04 03:06:12,69.09,16220209,0.0,1.0,0.0
278,0.15,46.83,7.29,1.0,0.19,63.9,21.71,47.39,49.99,0.0,243.8,1.0,0.0,2022-10-04 03:09:12,69.1,16220209,0.0,1.0,0.0
277,0.16,47.22,7.6,1.0,0.2,63.9,21.71,47.82,50.01,0.0,243.5,1.0,0.0,2022-10-04 03:12:12,69.11,16220209,0.0,1.0,0.0
276,0.96,142.02,518.58,1.0,2.22,63.91,21.71,537.68,49.97,0.0,242.46,0.96,0.0,2022-10-04 03:15:12,69.12,16220209,0.0,1.0,0.0
275,0.98,136.08,680.55,1.0,2.87,63.94,21.72,694.03,49.93,0.0,242.26,0.98,0.0,2022-10-04 03:18:12,69.15,16220209,0.0,1.0,0.0
274,0.97,140.54,531.75,1.0,2.26,63.97,21.73,550.01,49.96,0.0,243.11,0.97,0.0,2022-10-04 03:21:12,69.18,16220209,0.0,1.0,0.0
273,0.16,47.51,7.92,1.0,0.2,63.99,21.73,48.16,49.93,0.0,243.74,1.0,0.0,2022-10-04 03:24:12,69.2,16220209,0.0,1.0,0.0
292,0.16,47.23,7.5,1.0,0.2,63.99,21.73,47.82,49.9,0.0,243.49,1.0,0.0,2022-10-04 03:27:12,69.2,16220209,0.0,1.0,0.0
291,0.96,140.65,513.45,1.0,2.19,64.0,21.74,532.36,49.94,0.0,243.0,0.96,0.0,2022-10-04 03:30:12,69.21,16220209,0.0,1.0,0.0
290,0.98,138.83,625.14,1.0,2.64,64.03,21.74,640.37,49.94,0.0,242.6,0.98,0.0,2022-10-04 03:33:12,69.25,16220209,0.0,1.0,0.0
289,0.95,141.17,450.5,1.0,1.94,64.06,21.75,472.1,49.95,0.0,242.95,0.95,0.0,2022-10-04 03:36:12,69.28,16220209,0.0,1.0,0.0
288,0.16,47.73,7.58,1.0,0.2,64.08,21.76,48.33,50.04,0.0,244.57,1.0,0.0,2022-10-04 03:39:12,69.3,16220209,0.0,1.0,0.0
287,0.15,47.46,7.41,1.0,0.2,64.08,21.76,48.04,50.04,0.0,244.58,1.0,0.0,2022-10-04 03:42:12,69.3,16220209,0.0,1.0,0.0
286,0.97,138.15,510.97,1.0,2.21,64.09,21.76,529.32,50.03,0.0,239.64,0.97,0.0,2022-10-04 03:45:12,69.31,16220209,0.0,1.0,0.0
285,0.98,137.36,631.15,1.0,2.7,64.12,21.77,645.92,49.99,0.0,238.79,0.98,0.0,2022-10-04 03:48:12,69.34,16220209,0.0,1.0,0.0
284,0.96,139.39,452.47,1.0,1.98,64.15,21.78,473.46,50.0,0.0,239.41,0.96,0.0,2022-10-04 03:51:12,69.37,16220209,0.0,1.0,0.0
283,0.16,46.47,7.56,1.0,0.2,64.17,21.78,47.08,50.01,0.0,240.68,1.0,0.0,2022-10-04 03:54:12,69.39,16220209,0.0,1.0,0.0
302,0.16,46.01,7.3,1.0,0.19,64.17,21.78,46.59,50.06,0.0,240.63,1.0,0.0,2022-10-04 03:57:12,69.39,16220209,0.0,1.0,0.0
301,0.96,140.05,511.68,1.0,2.21,64.17,21.79,530.5,50.05,0.0,239.83,0.96,0.0,2022-10-04 04:00:12,69.4,16220209,0.0,1.0,0.0
300,0.98,135.73,629.37,1.0,2.69,64.21,21.8,643.84,49.99,0.0,239.06,0.98,0.0,2022-10-04 04:03:12,69.44,16220209,0.0,1.0,0.0
299,0.96,140.2,452.8,1.0,1.98,64.24,21.8,474.01,49.96,0.0,239.69,0.96,0.0,2022-10-04 04:06:12,69.47,16220209,0.0,1.0,0.0
298,0.16,46.0,7.31,1.0,0.19,64.25,21.81,46.58,49.96,0.0,240.1,1.0,0.0,2022-10-04 04:09:12,69.48,16220209,0.0,1.0,0.0
297,0.16,46.59,7.67,1.0,0.2,64.25,21.81,47.21,50.04,0.0,240.39,1.0,0.0,2022-10-04 04:12:12,69.49,16220209,0.0,1.0,0.0
296,0.99,133.46,763.49,1.0,3.24,64.27,21.82,775.07,50.08,0.0,239.16,0.99,0.0,2022-10-04 04:15:12,69.51,16220209,0.0,1.0,0.0
295,0.98,134.79,610.14,1.0,2.62,64.31,21.82,624.85,50.04,0.0,238.93,0.98,0.0,2022-10-04 04:18:12,69.54,16220209,0.0,1.0,0.0
294,0.95,137.61,435.47,1.0,1.91,64.33,21.83,456.7,50.01,0.0,239.36,0.95,0.0,2022-10-04 04:21:12,69.57,16220209,0.0,1.0,0.0
293,0.16,46.58,7.62,1.0,0.2,64.35,21.83,47.19,50.01,0.0,240.3,1.0,0.0,2022-10-04 04:24:12,69.58,16220209,0.0,1.0,0.0
309,0.16,46.16,7.41,1.0,0.19,64.35,21.84,46.76,50.02,0.0,240.51,1.0,0.0,2022-10-04 04:27:12,69.59,16220209,0.0,1.0,0.0
308,0.97,137.3,511.91,1.0,2.22,64.36,21.84,530.0,50.04,0.0,239.17,0.97,0.0,2022-10-04 04:30:12,69.6,16220209,0.0,1.0,0.0
307,0.98,135.12,626.83,1.0,2.68,64.39,21.85,641.23,50.04,0.0,239.3,0.98,0.0,2022-10-04 04:33:12,69.63,16220209,0.0,1.0,0.0
306,0.95,139.61,448.22,1.0,1.96,64.42,21.85,469.46,50.03,0.0,239.52,0.95,0.0,2022-10-04 04:36:12,69.66,16220209,0.0,1.0,0.0
305,0.16,46.66,7.62,1.0,0.2,64.43,21.86,47.28,50.01,0.0,240.24,1.0,0.0,2022-10-04 04:39:12,69.68,16220209,0.0,1.0,0.0
304,0.16,46.53,7.71,1.0,0.2,64.43,21.86,47.16,50.0,0.0,240.14,1.0,0.0,2022-10-04 04:42:12,69.68,16220209,0.0,1.0,0.0
303,0.97,137.68,513.54,1.0,2.22,64.44,21.87,531.68,50.04,0.0,239.28,0.97,0.0,2022-10-04 04:45:12,69.69,16220209,0.0,1.0,0.0
314,0.22,49.2,11.1,1.0,0.21,64.45,21.87,50.44,49.91,0.0,236.13,1.0,0.0,2022-10-04 08:42:19,69.69,16220209,0.0,1.0,0.0
313,0.97,131.09,518.79,1.0,2.26,64.45,21.87,535.1,49.99,0.0,236.81,0.97,0.0,2022-10-04 08:45:19,69.69,16220209,0.0,1.0,0.0
312,0.99,125.56,841.63,1.0,3.6,64.49,21.87,850.95,50.04,0.0,236.19,0.99,0.0,2022-10-04 08:48:19,69.73,16220209,0.0,1.0,0.0
311,0.99,123.86,721.49,1.0,3.12,64.53,21.87,732.04,50.04,0.0,234.84,0.99,0.0,2022-10-04 08:51:19,69.77,16220209,0.0,1.0,0.0
310,0.16,46.27,7.7,1.0,0.2,64.54,21.88,46.91,50.03,0.0,236.91,1.0,0.0,2022-10-04 08:54:19,69.78,16220209,0.0,1.0,0.0
324,0.21,50.3,10.99,1.0,0.22,64.54,21.88,51.48,50.05,0.0,237.91,1.0,0.0,2022-10-04 08:57:19,69.78,16220209,0.0,1.0,0.0
323,0.99,125.45,835.02,1.0,3.6,64.56,21.89,844.39,50.03,0.0,234.63,0.99,0.0,2022-10-04 09:00:19,69.81,16220209,0.0,1.0,0.0
322,0.98,131.86,732.94,1.0,3.1,64.6,21.9,744.71,49.92,0.0,239.98,0.98,0.0,2022-10-04 09:03:19,69.85,16220209,0.0,1.0,0.0
321,0.97,136.31,552.95,1.0,2.38,64.64,21.9,569.51,49.83,0.0,239.57,0.97,0.0,2022-10-04 09:06:19,69.88,16220209,0.0,1.0,0.0
320,0.15,46.89,7.17,1.0,0.2,64.64,21.91,47.44,49.89,0.0,241.54,1.0,0.0,2022-10-04 09:09:19,69.89,16220209,0.0,1.0,0.0
319,0.21,50.73,10.64,1.0,0.21,64.64,21.91,51.84,49.89,0.0,241.32,1.0,0.0,2022-10-04 09:12:19,69.89,16220209,0.0,1.0,0.0
318,0.99,131.95,787.49,1.0,3.34,64.67,21.91,798.47,49.9,0.0,239.09,0.99,0.0,2022-10-04 09:15:19,69.92,16220209,0.0,1.0,0.0
317,0.98,134.29,680.52,1.0,2.9,64.71,21.92,693.65,49.87,0.0,239.42,0.98,0.0,2022-10-04 09:18:19,69.96,16220209,0.0,1.0,0.0
316,0.97,130.73,554.16,1.0,2.42,64.74,21.93,569.37,49.86,0.0,235.59,0.97,0.0,2022-10-04 09:21:19,69.99,16220209,0.0,1.0,0.0
315,0.16,47.32,7.43,1.0,0.2,64.74,21.93,47.9,49.87,0.0,241.94,1.0,0.0,2022-10-04 09:24:19,70.0,16220209,0.0,1.0,0.0
334,0.2,50.69,10.49,1.0,0.21,64.74,21.93,51.76,49.87,0.0,241.44,1.0,0.0,2022-10-04 09:27:19,70.0,16220209,0.0,1.0,0.0
333,0.99,131.9,791.54,1.0,3.35,64.77,21.94,802.45,49.85,0.0,239.31,0.99,0.0,2022-10-04 09:30:19,70.03,16220209,0.0,1.0,0.0
332,0.98,135.78,676.8,1.0,2.87,64.81,21.95,690.29,49.9,0.0,240.82,0.98,0.0,2022-10-04 09:33:19,70.07,16220209,0.0,1.0,0.0
331,0.97,138.44,545.83,1.0,2.34,64.84,21.95,563.11,49.89,0.0,240.85,0.97,0.0,2022-10-04 09:36:19,70.1,16220209,0.0,1.0,0.0
330,0.16,47.21,7.49,1.0,0.2,64.84,21.96,47.81,49.94,0.0,241.93,1.0,0.0,2022-10-04 09:39:19,70.11,16220209,0.0,1.0,0.0
329,0.22,51.77,11.94,1.0,0.22,64.84,21.96,53.13,49.99,0.0,240.63,1.0,0.0,2022-10-04 09:42:19,70.11,16220209,0.0,1.0,0.0
328,0.99,133.19,793.1,1.0,3.37,64.87,21.96,804.2,50.04,0.0,238.92,0.99,0.0,2022-10-04 09:45:19,70.14,16220209,0.0,1.0,0.0
327,0.98,135.6,678.6,1.0,2.89,64.91,21.97,692.02,50.02,0.0,239.22,0.98,0.0,2022-10-04 09:48:19,70.18,16220209,0.0,1.0,0.0
326,0.97,138.53,555.88,1.0,2.39,64.94,21.97,572.88,50.02,0.0,239.7,0.97,0.0,2022-10-04 09:51:19,70.21,16220209,0.0,1.0,0.0
325,0.16,47.06,7.59,1.0,0.2,64.95,21.98,47.67,50.0,0.0,240.25,1.0,0.0,2022-10-04 09:54:19,70.21,16220209,0.0,1.0,0.0
344,0.23,52.56,12.47,1.0,0.22,64.95,21.98,54.02,50.04,0.0,240.74,1.0,0.0,2022-10-04 09:57:19,70.22,16220209,0.0,1.0,0.0
343,0.99,133.81,796.12,1.0,3.38,64.97,21.98,807.29,50.08,0.0,239.21,0.99,0.0,2022-10-04 10:00:19,70.24,16220209,0.0,1.0,0.0
342,0.98,137.18,684.33,1.0,2.91,65.01,21.99,697.94,50.09,0.0,239.58,0.98,0.0,2022-10-04 10:03:19,70.28,16220209,0.0,1.0,0.0
341,0.98,138.52,639.4,1.0,2.72,65.04,22.0,654.23,50.05,0.0,240.28,0.98,0.0,2022-10-04 10:06:19,70.32,16220209,0.0,1.0,0.0
340,0.16,46.35,7.39,1.0,0.2,65.05,22.0,46.93,49.99,0.0,240.44,1.0,0.0,2022-10-04 10:09:19,70.33,16220209,0.0,1.0,0.0
339,0.24,51.9,12.62,1.0,0.22,65.05,22.0,53.41,50.02,0.0,239.72,1.0,0.0,2022-10-04 10:12:19,70.33,16220209,0.0,1.0,0.0
338,0.99,130.12,804.36,1.0,3.42,65.08,22.02,814.82,50.04,0.0,238.0,0.99,0.0,2022-10-04 10:15:19,70.36,16220209,0.0,1.0,0.0
337,0.98,133.35,692.81,1.0,2.97,65.12,22.02,705.53,50.04,0.0,237.84,0.98,0.0,2022-10-04 10:18:19,70.4,16220209,0.0,1.0,0.0
336,0.98,134.84,636.54,1.0,2.73,65.15,22.03,650.66,50.02,0.0,237.99,0.98,0.0,2022-10-04 10:21:19,70.43,16220209,0.0,1.0,0.0
335,0.16,46.24,7.28,1.0,0.2,65.16,22.03,46.81,50.04,0.0,239.3,1.0,0.0,2022-10-04 10:24:19,70.44,16220209,0.0,1.0,0.0
354,0.23,51.42,12.22,1.0,0.22,65.16,22.03,52.85,49.98,0.0,239.35,1.0,0.0,2022-10-04 10:27:19,70.44,16220209,0.0,1.0,0.0
353,0.99,129.33,801.95,1.0,3.42,65.19,22.04,812.31,49.99,0.0,237.49,0.99,0.0,2022-10-04 10:30:19,70.47,16220209,0.0,1.0,0.0
352,0.98,133.75,684.08,1.0,2.93,65.22,22.04,697.03,50.04,0.0,237.83,0.98,0.0,2022-10-04 10:33:19,70.51,16220209,0.0,1.0,0.0
351,0.98,131.44,639.07,1.0,2.76,65.26,22.05,652.45,50.07,0.0,236.6,0.98,0.0,2022-10-04 10:36:19,70.54,16220209,0.0,1.0,0.0
350,0.16,45.98,7.54,1.0,0.2,65.26,22.05,46.59,50.05,0.0,238.2,1.0,0.0,2022-10-04 10:39:19,70.55,16220209,0.0,1.0,0.0
349,0.97,133.68,508.24,1.0,2.22,65.27,22.05,525.52,50.05,0.0,237.15,0.97,0.0,2022-10-04 10:42:19,70.56,16220209,0.0,1.0,0.0
348,0.99,128.48,767.7,1.0,3.29,65.31,22.07,778.37,50.04,0.0,236.53,0.99,0.0,2022-10-04 10:45:19,70.59,16220209,0.0,1.0,0.0
347,0.98,131.89,650.96,1.0,2.81,65.34,22.07,664.19,50.04,0.0,236.77,0.98,0.0,2022-10-04 10:48:19,70.63,16220209,0.0,1.0,0.0
346,0.98,133.01,646.2,1.0,2.78,65.37,22.08,659.74,50.04,0.0,237.42,0.98,0.0,2022-10-04 10:51:19,70.66,16220209,0.0,1.0,0.0
345,0.16,46.17,7.56,1.0,0.2,65.38,22.08,46.79,50.05,0.0,238.22,1.0,0.0,2022-10-04 10:54:19,70.67,16220209,0.0,1.0,0.0
364,0.23,51.41,12.21,1.0,0.22,65.38,22.08,52.84,50.05,0.0,238.04,1.0,0.0,2022-10-04 10:57:19,70.67,16220209,0.0,1.0,0.0
363,0.99,129.35,809.43,1.0,3.45,65.41,22.09,819.7,50.05,0.0,237.54,0.99,0.0,2022-10-04 11:00:19,70.7,16220209,0.0,1.0,0.0
362,0.98,134.05,692.72,1.0,2.95,65.45,22.09,705.57,50.02,0.0,238.95,0.98,0.0,2022-10-04 11:03:19,70.74,16220209,0.0,1.0,0.0
361,0.98,134.2,657.67,1.0,2.82,65.48,22.1,671.23,49.98,0.0,238.26,0.98,0.0,2022-10-04 11:06:19,70.78,16220209,0.0,1.0,0.0
360,0.16,46.79,7.5,1.0,0.2,65.49,22.1,47.39,49.99,0.0,239.81,1.0,0.0,2022-10-04 11:09:19,70.79,16220209,0.0,1.0,0.0
359,0.97,136.75,525.45,1.0,2.27,65.49,22.11,542.95,50.07,0.0,239.48,0.97,0.0,2022-10-04 11:12:19,70.79,16220209,0.0,1.0,0.0
358,0.99,131.38,823.46,1.0,3.52,65.53,22.12,833.88,50.04,0.0,236.87,0.99,0.0,2022-10-04 11:15:19,70.83,16220209,0.0,1.0,0.0
357,0.98,132.65,699.53,1.0,3.01,65.57,22.12,712.0,50.05,0.0,236.23,0.98,0.0,2022-10-04 11:18:19,70.87,16220209,0.0,1.0,0.0
356,0.98,134.83,685.93,1.0,2.94,65.6,22.13,699.05,50.09,0.0,238.0,0.98,0.0,2022-10-04 11:21:19,70.9,16220209,0.0,1.0,0.0
355,0.16,46.19,7.26,1.0,0.2,65.61,22.13,46.76,50.09,0.0,239.07,1.0,0.0,2022-10-04 11:24:19,70.91,16220209,0.0,1.0,0.0
370,0.22,53.07,12.24,1.0,0.23,65.61,22.14,54.46,50.04,0.0,238.45,1.0,0.0,2022-10-04 11:27:19,70.91,16220209,0.0,1.0,0.0
369,0.99,131.19,860.1,1.0,3.67,65.64,22.14,870.05,50.02,0.0,237.38,0.99,0.0,2022-10-04 11:30:19,70.94,16220209,0.0,1.0,0.0
368,0.99,131.56,752.75,1.0,3.22,65.68,22.14,764.16,50.0,0.0,237.64,0.99,0.0,2022-10-04 11:33:19,70.98,16220209,0.0,1.0,0.0
367,0.98,134.19,674.62,1.0,2.9,65.71,22.15,687.84,49.99,0.0,237.25,0.98,0.0,2022-10-04 11:36:19,71.02,16220209,0.0,1.0,0.0
366,0.16,45.93,7.46,1.0,0.2,65.72,22.15,46.54,50.02,0.0,238.4,1.0,0.0,2022-10-04 11:39:19,71.03,16220209,0.0,1.0,0.0
365,0.22,51.07,11.64,1.0,0.22,65.72,22.16,52.38,50.04,0.0,238.94,1.0,0.0,2022-10-04 11:42:19,71.03,16220209,0.0,1.0,0.0
371,0.22,49.75,11.16,1.0,0.21,65.74,22.16,50.99,50.04,0.0,237.82,1.0,0.0,2022-10-04 13:56:26,71.05,16220209,0.0,1.0,0.0
381,0.22,49.74,11.02,1.0,0.21,65.74,22.16,50.95,50.03,0.0,238.97,1.0,0.0,2022-10-04 13:57:26,71.05,16220209,0.0,1.0,0.0
380,0.99,128.99,895.24,1.0,3.83,65.75,22.16,904.49,50.05,0.0,236.48,0.99,0.0,2022-10-04 14:00:26,71.06,16220209,0.0,1.0,0.0
379,0.99,133.61,944.13,1.0,4.03,65.8,22.16,953.54,50.04,0.0,236.68,0.99,0.0,2022-10-04 14:03:26,71.11,16220209,0.0,1.0,0.0
378,0.92,53.54,121.66,1.0,0.56,65.84,22.17,132.92,49.99,0.0,235.51,1.0,0.0,2022-10-04 14:06:26,71.15,16220209,0.0,1.0,0.0
377,0.16,46.37,7.34,1.0,0.2,65.84,22.17,46.94,49.98,0.0,240.0,1.0,0.0,2022-10-04 14:09:26,71.15,16220209,0.0,1.0,0.0
376,0.97,131.19,554.31,1.0,2.38,65.84,22.18,569.63,49.95,0.0,239.5,0.97,0.0,2022-10-04 14:12:26,71.16,16220209,0.0,1.0,0.0
375,0.99,130.61,862.02,1.0,3.66,65.88,22.18,871.86,49.92,0.0,238.11,0.99,0.0,2022-10-04 14:15:26,71.2,16220209,0.0,1.0,0.0
374,0.99,128.74,779.75,1.0,3.32,65.92,22.19,790.3,49.94,0.0,237.9,0.99,0.0,2022-10-04 14:18:26,71.24,16220209,0.0,1.0,0.0
373,0.91,54.41,121.77,1.0,0.56,65.96,22.2,133.37,49.93,0.0,238.85,1.0,0.0,2022-10-04 14:21:26,71.27,16220209,0.0,1.0,0.0
372,0.15,45.63,7.15,1.0,0.19,65.96,22.2,46.19,49.99,0.0,238.59,1.0,0.0,2022-10-04 14:24:26,71.28,16220209,0.0,1.0,0.0
385,0.99,128.38,836.44,1.0,3.56,65.97,22.2,846.24,49.95,0.0,237.44,0.99,0.0,2022-10-04 14:27:26,71.29,16220209,0.0,1.0,0.0
384,0.99,129.73,867.04,1.0,3.72,66.01,22.2,876.69,50.04,0.0,235.77,0.99,0.0,2022-10-04 14:30:26,71.34,16220209,0.0,1.0,0.0
383,0.98,131.22,714.6,1.0,3.07,66.05,22.22,726.55,50.06,0.0,237.0,0.98,0.0,2022-10-04 14:33:26,71.38,16220209,0.0,1.0,0.0
382,0.91,54.7,120.45,1.0,0.56,66.08,22.22,132.29,49.98,0.0,237.24,1.0,0.0,2022-10-04 14:36:26,71.41,16220209,0.0,1.0,0.0
